Workbook

Sheet January 2025
A1: Sr. No. | B1: User ID | C1: Emp. Name | D1: Mode | E1: Designation | F1: Department | G1: Gross salary | H1: In Hand Salary | I1: PF Employer | J1: ESI Employer | K1: Level Wise
A2: 1 | B2: 1 | C2: Chanda Ji | D2: On record | E2: Eyelet Marker | F2: =_xlfn.XLOOKUP(B2,'February 2025'!B:B,'February 2025'!F:F) -> Manufacturing | G2: 10300 | H2: 9142 | I2: 1170 | J2: 335 | K2: =_xlfn.XLOOKUP(C2,'February 2025'!C:C,'February 2025'!K:K) -> L-9
A3: 2 | B3: 2 | C3: Surendra Bairwa | D3: On record | E3: Executive | F3: Domestic | G3: 20500 | H3: 18870 | I3: 1599 | J3: 667 | K3: =_xlfn.XLOOKUP(C3,'February 2025'!C:C,'February 2025'!K:K) -> L-8
A4: 3 | B4: 3 | C4: Harkesh Kumar Bairwa | D4: On record | E4: Cutting Master | F4: =_xlfn.XLOOKUP(B4,'February 2025'!B:B,'February 2025'!F:F) -> Manufacturing | G4: 27500 | H4: 27500 | I4: 0 | J4: 0 | K4: =_xlfn.XLOOKUP(C4,'February 2025'!C:C,'February 2025'!K:K) -> L-9
A5: 4 | B5: 4 | C5: Mohd. Shoyeb Rangrej | D5: On record | E5: Executive | F5: Domestic | G5: 20625 | H5: 18737.44 | I5: 1877 | J5: 671 | K5: =_xlfn.XLOOKUP(C5,'February 2025'!C:C,'February 2025'!K:K) -> L-6
A6: 5 | B6: 5 | C6: Rizwan Ali Khan | D6: Console | E6: Executive | F6: =_xlfn.XLOOKUP(C6,'[1]January 2025'!$C:$C,'[1]January 2025'!$I:$I,"") -> Domestic | G6: 33200 | H6: 31400 | I6: 1950 | J6: 0 | K6: =_xlfn.XLOOKUP(C6,'February 2025'!C:C,'February 2025'!K:K) -> L-6
A7: 6 | B7: 6 | C7: Tehseenul Islam Siddque | D7: On record | E7: Merchandiser | F7: =_xlfn.XLOOKUP(B7,'February 2025'!B:B,'February 2025'!F:F) -> Admin | G7: 62500 | H7: 62500 | I7: 0 | J7: 0 | K7: =_xlfn.XLOOKUP(C7,'February 2025'!C:C,'February 2025'!K:K) -> L-5
A8: 7 | B8: 7 | C8: Rajendra Prasad Vijay | D8: On record | E8: Senior Accountant | F8: =_xlfn.XLOOKUP(B8,'February 2025'!B:B,'February 2025'!F:F) -> Admin | G8: 48000 | H8: 48000 | I8: 0 | J8: 0 | K8: =_xlfn.XLOOKUP(C8,'February 2025'!C:C,'February 2025'!K:K) -> L-5
A9: 8 | B9: 8 | C9: Pankaj | D9: On record | E9: Final Checker | F9: Manufacturing | G9: 18225 | H9: 16775.8 | I9: 1422 | J9: 593 | K9: L-9
A10: 9 | B10: 9 | C10: Ravi Panchal | D10: On record | E10: SKU checker | F10: =_xlfn.XLOOKUP(B10,'February 2025'!B:B,'February 2025'!F:F) -> Domestic | G10: 14800 | H10: 13613.8 | I10: 1165 | J10: 481 | K10: =_xlfn.XLOOKUP(C10,'February 2025'!C:C,'February 2025'!K:K) -> L-9
A11: 10 | B11: 10 | C11: Chandrakanta Meher | D11: On record | E11: Executive | F11: Manufacturing | G11: 34300 | H11: 34300 | I11: 0 | J11: 0 | K11: L-9
A12: 11 | B12: 11 | C12: Rupesh Kumar Jha | D12: On record | E12: Jr. Accountant | F12: =_xlfn.XLOOKUP(B12,'February 2025'!B:B,'February 2025'!F:F) -> Admin | G12: 22000 | H12: 20200 | I12: 1950 | J12: 0 | K12: =_xlfn.XLOOKUP(C12,'February 2025'!C:C,'February 2025'!K:K) -> L-6
A13: 12 | B13: 16 | C13: Abhishek Saini | D13: On record | E13: HR Manager | F13: =_xlfn.XLOOKUP(B13,'February 2025'!B:B,'February 2025'!F:F) -> Domestic | G13: 29000 | H13: 29000 | I13: 0 | J13: 0 | K13: L-6
A14: 13 | B14: 13 | C14: Lokesh Sharma | D14: On record | E14: Executive | F14: =_xlfn.XLOOKUP(B14,'February 2025'!B:B,'February 2025'!F:F) -> Domestic | G14: 14500 | H14: 13341 | I14: 1138 | J14: 472 | K14: =_xlfn.XLOOKUP(C14,'February 2025'!C:C,'February 2025'!K:K) -> L-7
A15: 14 | B15: 14 | C15: Rajesh Sharma | D15: On record | E15: Office Boy | F15: =_xlfn.XLOOKUP(B15,'February 2025'!B:B,'February 2025'!F:F) -> Office Support | G15: 15400 | H15: 14175.2 | I15: 1201 | J15: 501 | K15: =_xlfn.XLOOKUP(C15,'February 2025'!C:C,'February 2025'!K:K) -> L-10
A16: 15 | B16: 15 | C16: Yashodatt Sharma | D16: On record | E16: Fabric Checker | F16: =_xlfn.XLOOKUP(B16,'February 2025'!B:B,'February 2025'!F:F) -> Manufacturing | G16: 20000 | H16: 18410 | I16: 1560 | J16: 650 | K16: =_xlfn.XLOOKUP(C16,'February 2025'!C:C,'February 2025'!K:K) -> L-9
A17: 16 | B17: 16 | C17: Omprakash Yogi | D17: On record | E17: Checker | F17: =_xlfn.XLOOKUP(B17,'February 2025'!B:B,'February 2025'!F:F) -> Domestic | G17: 14063 | H17: 12775.708 | I17: 1280 | J17: 458 | K17: =_xlfn.XLOOKUP(C17,'February 2025'!C:C,'February 2025'!K:K) -> L-9
A18: 17 | B18: 17 | C18: Naveen Bhaskar | D18: On record | E18: Final Checker | F18: =_xlfn.XLOOKUP(B18,'February 2025'!B:B,'February 2025'!F:F) -> Manufacturing | G18: 17500 | H18: 16108 | I18: 1365 | J18: 569 | K18: =_xlfn.XLOOKUP(C18,'February 2025'!C:C,'February 2025'!K:K) -> L-9
A19: 18 | B19: 18 | C19: Surendra K. Bairwa | D19: On record | E19: Executive | F19: Manufacturing | G19: 17000 | H19: 15648 | I19: 1326 | J19: 553 | K19: L-7
A20: 19 | B20: 19 | C20: Govind Sharma | D20: On record | E20: Checker | F20: =_xlfn.XLOOKUP(B20,'February 2025'!B:B,'February 2025'!F:F) -> Manufacturing | G20: 14000 | H20: 12887 | I20: 1092 | J20: 455 | K20: =_xlfn.XLOOKUP(C20,'February 2025'!C:C,'February 2025'!K:K) -> L-9
A21: 20 | B21: 20 | C21: Naresh Kumar Bairwa | D21: On record | E21: Checker | F21: =_xlfn.XLOOKUP(C21,'[1]January 2025'!$C:$C,'[1]January 2025'!$I:$I,"") -> Manufacturing | G21: 14500 | H21: 13173 | I21: 1320 | J21: 472 | K21: =_xlfn.XLOOKUP(C21,'February 2025'!C:C,'February 2025'!K:K) -> L-9
A22: 21 | B22: 21 | C22: Sonu Bairwa | D22: On record | E22: Supervisior | F22: =_xlfn.XLOOKUP(B22,'February 2025'!B:B,'February 2025'!F:F) -> Manufacturing | G22: 22000 | H22: 20416 | I22: 1716 | J22: 0 | K22: =_xlfn.XLOOKUP(C22,'February 2025'!C:C,'February 2025'!K:K) -> L-8
A23: 22 | B23: 22 | C23: Mohamad Faizal | D23: On record | E23: Manager | F23: =_xlfn.XLOOKUP(B23,'February 2025'!B:B,'February 2025'!F:F) -> Domestic | G23: 68200 | H23: 66400 | I23: 1950 | J23: 0 | K23: L-5
A24: 23 | B24: 23 | C24: Anil Kumar | D24: On record | E24: Cutting Master | F24: Manufacturing | G24: 26000 | H24: 24284 | I24: 1859 | J24: 0 | K24: L-9
A25: 24 | B25: 24 | C25: Ravi Kumar Bairwa (Tatawat) | D25: On record | E25: Executive | F25: =_xlfn.XLOOKUP(B25,'February 2025'!B:B,'February 2025'!F:F) -> Domestic | G25: 14000 | H25: 12702.2 | I25: 1292 | J25: 455 | K25: =_xlfn.XLOOKUP(C25,'February 2025'!C:C,'February 2025'!K:K) -> L-8
A26: 25 | B26: 30 | C26: Chandra Shekhar Sharma | D26: On record | E26: Supervisior | F26: Manufacturing | G26: 28000 | H26: 28000 | I26: 0 | J26: 0 | K26: L-8
A27: 26 | B27: 31 | C27: Nupur Pawar | D27: On record | E27: Textile Designer | F27: D2C | G27: 40000 | H27: 40000 | I27: 0 | J27: 0 | K27: L-6
A28: 27 | B28: 27 | C28: Asim Shoyab Khan | D28: On record | E28: Executive | F28: =_xlfn.XLOOKUP(B28,'February 2025'!B:B,'February 2025'!F:F) -> Domestic | G28: 20625 | H28: 18737.44 | I28: 1877 | J28: 671 | K28: =_xlfn.XLOOKUP(C28,'February 2025'!C:C,'February 2025'!K:K) -> L-6
A29: 28 | B29: 33 | C29: Amit Pareek | D29: On record | E29: Manager | F29: =_xlfn.XLOOKUP(B29,'February 2025'!B:B,'February 2025'!F:F) -> D2C | G29: 80000 | H29: 78200 | I29: 1950 | J29: 0 | K29: L-5
A30: 29 | B30: 29 | C30: Peeyush Pareek | D30: On record | E30: Manager | F30: =_xlfn.XLOOKUP(C30,'[1]January 2025'!$C:$C,'[1]January 2025'!$I:$I,"") -> D2C | G30: 63200 | H30: 61400 | I30: 1950 | J30: 0 | K30: =_xlfn.XLOOKUP(C30,'February 2025'!C:C,'February 2025'!K:K) -> L-5
A31: 30 | B31: 19 | C31: Rahul Yogi | D31: On record | E31: Helper | F31: =_xlfn.XLOOKUP(B31,'February 2025'!B:B,'February 2025'!F:F) -> Manufacturing | G31: 11000 | H31: 9837 | I31: 1170 | J31: 358 | K31: L-10
A32: 31 | B32: 31 | C32: Bheema Ram Bairwa | D32: On record | E32: Computer Operator | F32: Manufacturing | G32: 15000 | H32: 13663 | I32: 1326 | J32: 488 | K32: L-7
A33: 32 | B33: 32 | C33: Shaitan Singh | D33: On record | E33: Supervisior | F33: =_xlfn.XLOOKUP(C33,'[1]January 2025'!$C:$C,'[1]January 2025'!$I:$I,"") -> Manufacturing | G33: 24000 | H33: 24000 | I33: 0 | J33: 0 | K33: =_xlfn.XLOOKUP(C33,'February 2025'!C:C,'February 2025'!K:K) -> L-8
A34: 33 | B34: 33 | C34: Chakshita Maheshwari | D34: On record | E34: Graphic Designer | F34: =_xlfn.XLOOKUP(B34,'February 2025'!B:B,'February 2025'!F:F) -> D2C | G34: 31000 | H34: 31000 | I34: 0 | J34: 0 | K34: =_xlfn.XLOOKUP(C34,'February 2025'!C:C,'February 2025'!K:K) -> L-6
A35: 34 | B35: 37 | C35: Yuvraj Singh Sisodiya | D35: On record | E35: Supervisior | F35: =_xlfn.XLOOKUP(B35,'February 2025'!B:B,'February 2025'!F:F) -> Overseas | G35: 18000 | H35: 16353 | I35: 1638 | J35: 585 | K35: L-8
A36: 35 | B36: 35 | C36: Sumer singh Jatav | D36: On record | E36: Press man | F36: Manufacturing | G36: 13500 | H36: 12264 | I36: 1229 | J36: 439 | K36: L-9
A37: 36 | B37: 39 | C37: Ashok Yogi | D37: On record | E37: Checker | F37: =_xlfn.XLOOKUP(B37,'February 2025'!B:B,'February 2025'!F:F) -> Manufacturing | G37: 12500 | H37: 11356 | I37: 1138 | J37: 407 | K37: L-9
A38: 37 | B38: 37 | C38: Karishma Kaityar | D38: On record | E38: Senior Executive | F38: =_xlfn.XLOOKUP(B38,'February 2025'!B:B,'February 2025'!F:F) -> Overseas | G38: 40000 | H38: 40000 | I38: 0 | J38: 0 | K38: =_xlfn.XLOOKUP(C38,'February 2025'!C:C,'February 2025'!K:K) -> L-6
A39: 38 | B39: 38 | C39: Surajmal Prajapati | D39: On record | E39: Human Resource | F39: =_xlfn.XLOOKUP(B39,'February 2025'!B:B,'February 2025'!F:F) -> Admin | G39: 41000 | H39: 41000 | I39: 0 | J39: 0 | K39: =_xlfn.XLOOKUP(C39,'February 2025'!C:C,'February 2025'!K:K) -> L-5
A40: 39 | B40: 39 | C40: Padmawati | D40: On record | E40: Tailor | F40: =_xlfn.XLOOKUP(B40,'February 2025'!B:B,'February 2025'!F:F) -> Manufacturing | G40: 30000 | H40: 30000 | I40: 0 | J40: 0 | K40: =_xlfn.XLOOKUP(C40,'February 2025'!C:C,'February 2025'!K:K) -> L-9
A41: 40 | B41: 40 | C41: Foranti | D41: On record | E41: Tailor | F41: =_xlfn.XLOOKUP(C41,'[1]January 2025'!$C:$C,'[1]January 2025'!$I:$I,"") -> Manufacturing | G41: 30000 | H41: 30000 | I41: 0 | J41: 0 | K41: =_xlfn.XLOOKUP(C41,'February 2025'!C:C,'February 2025'!K:K) -> L-9
A42: 41 | B42: 41 | C42: Sonu Bairwa Tailor | D42: On record | E42: Tailor | F42: =_xlfn.XLOOKUP(B42,'February 2025'!B:B,'February 2025'!F:F) -> Manufacturing | G42: 30000 | H42: 30000 | I42: 0 | J42: 0 | K42: =_xlfn.XLOOKUP(C42,'February 2025'!C:C,'February 2025'!K:K) -> L-9
A43: 42 | B43: 42 | C43: Raji Devi | D43: On record | E43: Tailor | F43: =_xlfn.XLOOKUP(B43,'February 2025'!B:B,'February 2025'!F:F) -> Manufacturing | G43: 30000 | H43: 30000 | I43: 0 | J43: 0 | K43: =_xlfn.XLOOKUP(C43,'February 2025'!C:C,'February 2025'!K:K) -> L-9
A44: 43 | B44: 43 | C44: Laxman | D44: On record | E44: Tailor | F44: =_xlfn.XLOOKUP(B44,'February 2025'!B:B,'February 2025'!F:F) -> Manufacturing | G44: 30000 | H44: 30000 | I44: 0 | J44: 0 | K44: =_xlfn.XLOOKUP(C44,'February 2025'!C:C,'February 2025'!K:K) -> L-9
A45: 44 | B45: 44 | C45: Dilip | D45: On record | E45: Tailor | F45: =_xlfn.XLOOKUP(B45,'February 2025'!B:B,'February 2025'!F:F) -> Manufacturing | G45: 30000 | H45: 30000 | I45: 0 | J45: 0 | K45: =_xlfn.XLOOKUP(C45,'February 2025'!C:C,'February 2025'!K:K) -> L-9
A46: 45 | B46: 49 | C46: Indar Saini | D46: On record | E46: Tailor | F46: Manufacturing | G46: 30000 | H46: 30000 | I46: 0 | J46: 0 | K46: L-9
A47: 46 | B47: 46 | C47: Furqan Hameed | D47: On record | E47: Manager | F47: =_xlfn.XLOOKUP(B47,'February 2025'!B:B,'February 2025'!F:F) -> Overseas | G47: 80000 | H47: 80000 | I47: 0 | J47: 0 | K47: =_xlfn.XLOOKUP(C47,'February 2025'!C:C,'February 2025'!K:K) -> L-5
A48: 47 | B48: 47 | C48: Riddhi Gupta | D48: On record | E48: Customer Relatioship Executive | F48: =_xlfn.XLOOKUP(B48,'February 2025'!B:B,'February 2025'!F:F) -> D2C | G48: 19000 | H48: 18857 | I48: 0 | J48: 618 | K48: L-6
A49: 48 | B49: 48 | C49: Safina Khan | D49: On record | E49: Tailor | F49: =_xlfn.XLOOKUP(B49,'February 2025'!B:B,'February 2025'!F:F) -> Manufacturing | G49: 30000 | H49: 30000 | I49: 0 | J49: 0 | K49: =_xlfn.XLOOKUP(C49,'February 2025'!C:C,'February 2025'!K:K) -> L-9
A50: 49 | B50: 49 | C50: Gulbatti Meena | D50: On record | E50: Tailor | F50: =_xlfn.XLOOKUP(C50,'[1]January 2025'!$C:$C,'[1]January 2025'!$I:$I,"") -> Manufacturing | G50: 30000 | H50: 30000 | I50: 0 | J50: 0 | K50: =_xlfn.XLOOKUP(C50,'February 2025'!C:C,'February 2025'!K:K) -> L-9
A51: 50 | B51: 10001 | C51: Abhishek Bairwa | D51: Console | E51: Helper | F51: Manufacturing | G51: 11000 | H51: 11000 | I51: 0 | J51: 0 | K51: L-10
A52: 51 | B52: 10002 | C52: Manish Kumar Bairwa | D52: Console | E52: Press man | F52: =_xlfn.XLOOKUP(B52,'February 2025'!B:B,'February 2025'!F:F) -> Domestic | G52: 14000 | H52: 14000 | I52: 0 | J52: 0 | K52: =_xlfn.XLOOKUP(C52,'February 2025'!C:C,'February 2025'!K:K) -> L-10
A53: 52 | B53: 18 | C53: Yogendra | D53: Console | E53: Cutting master | F53: Manufacturing | G53: 22000 | H53: 22000 | I53: 0 | J53: 0 | K53: L-9
A54: 53 | B54: 10004 | C54: Ramswaroop | D54: Console | E54: Final Checker | F54: =_xlfn.XLOOKUP(B54,'February 2025'!B:B,'February 2025'!F:F) -> Manufacturing | G54: 15000 | H54: 15000 | I54: 0 | J54: 0 | K54: =_xlfn.XLOOKUP(C54,'February 2025'!C:C,'February 2025'!K:K) -> L-9
A55: 54 | B55: 10005 | C55: Chhaju Lal Saini | D55: Console | E55: Computer Operator | F55: =_xlfn.XLOOKUP(B55,'February 2025'!B:B,'February 2025'!F:F) -> Manufacturing | G55: 16000 | H55: 16000 | I55: 0 | J55: 0 | K55: =_xlfn.XLOOKUP(C55,'February 2025'!C:C,'February 2025'!K:K) -> L-8
A56: 55 | B56: 10006 | C56: Mahendra Gurjer | D56: Console | E56: Cutting Master | F56: =_xlfn.XLOOKUP(B56,'February 2025'!B:B,'February 2025'!F:F) -> Manufacturing | G56: 16000 | H56: 16000 | I56: 0 | J56: 0 | K56: =_xlfn.XLOOKUP(C56,'February 2025'!C:C,'February 2025'!K:K) -> L-9
A57: 56 | B57: 10007 | C57: Jitendra Sharma | D57: Console | E57: Executive | F57: =_xlfn.XLOOKUP(C57,'[1]January 2025'!$C:$C,'[1]January 2025'!$I:$I,"") -> Manufacturing | G57: 13500 | H57: 13500 | I57: 0 | J57: 0 | K57: =_xlfn.XLOOKUP(C57,'February 2025'!C:C,'February 2025'!K:K) -> L-8
A58: 57 | B58: 10008 | C58: Santara | D58: Console | E58: SWEEPER | F58: =_xlfn.XLOOKUP(B58,'February 2025'!B:B,'February 2025'!F:F) -> Domestic | G58: 10000 | H58: 10000 | I58: 0 | J58: 0 | K58: =_xlfn.XLOOKUP(C58,'February 2025'!C:C,'February 2025'!K:K) -> L-10
A59: 58 | B59: 10009 | C59: Rohitash Kumar | D59: Console | E59: Helper | F59: =_xlfn.XLOOKUP(C59,'[1]January 2025'!$C:$C,'[1]January 2025'!$I:$I,"") -> Domestic | G59: 11500 | H59: 11500 | I59: 0 | J59: 0 | K59: =_xlfn.XLOOKUP(C59,'February 2025'!C:C,'February 2025'!K:K) -> L-10
A60: 59 | B60: 10010 | C60: Karan Mehara | D60: Console | E60: Checker | F60: Manufacturing | G60: 14500 | H60: 14500 | I60: 0 | J60: 0 | K60: L-9
A61: 60 | B61: 10011 | C61: Subash Bairwa | D61: Console | E61: Computer Operator | F61: Manufacturing | G61: 13500 | H61: 13500 | I61: 0 | J61: 0 | K61: L-7
A62: 61 | B62: 10012 | C62: Ramavtar sharma | D62: Security Contractor | E62: Guard | F62: =_xlfn.XLOOKUP(B62,'February 2025'!B:B,'February 2025'!F:F) -> Manufacturing | G62: 14000 | H62: 14000 | I62: 0 | J62: 0 | K62: =_xlfn.XLOOKUP(C62,'February 2025'!C:C,'February 2025'!K:K) -> L-10
A63: 62 | B63: 10013 | C63: Jitendra Bairwa | D63: Console | E63: Executive | F63: =_xlfn.XLOOKUP(B63,'February 2025'!B:B,'February 2025'!F:F) -> Office Support | G63: 13500 | H63: 13500 | I63: 0 | J63: 0 | K63: =_xlfn.XLOOKUP(C63,'February 2025'!C:C,'February 2025'!K:K) -> L-8
A64: 63 | B64: 10014 | C64: Vikash Bairwa | D64: Console | E64: Helper | F64: =_xlfn.XLOOKUP(B64,'February 2025'!B:B,'February 2025'!F:F) -> Office Support | G64: 12000 | H64: 12000 | I64: 0 | J64: 0 | K64: =_xlfn.XLOOKUP(C64,'February 2025'!C:C,'February 2025'!K:K) -> L-10
A65: 64 | B65: 10015 | C65: Asharam Bairwa | D65: Console | E65: Checker | F65: =_xlfn.XLOOKUP(B65,'February 2025'!B:B,'February 2025'!F:F) -> Manufacturing | G65: 14000 | H65: 14000 | I65: 0 | J65: 0 | K65: =_xlfn.XLOOKUP(C65,'February 2025'!C:C,'February 2025'!K:K) -> L-9
A66: 65 | B66: 10016 | C66: Manjeet Sain | D66: Console | E66: Executive | F66: =_xlfn.XLOOKUP(B66,'February 2025'!B:B,'February 2025'!F:F) -> Manufacturing | G66: 12500 | H66: 12500 | I66: 0 | J66: 0 | K66: =_xlfn.XLOOKUP(C66,'February 2025'!C:C,'February 2025'!K:K) -> L-8
A67: 66 | B67: 10017 | C67: Mohan lal Bairwa | D67: Console | E67: Helper | F67: =_xlfn.XLOOKUP(C67,'[1]January 2025'!$C:$C,'[1]January 2025'!$I:$I,"") -> Domestic | G67: 13000 | H67: 13000 | I67: 0 | J67: 0 | K67: =_xlfn.XLOOKUP(C67,'February 2025'!C:C,'February 2025'!K:K) -> L-10
A68: 67 | B68: 10018 | C68: Rahul Bairwa | D68: Console | E68: Checker | F68: =_xlfn.XLOOKUP(B68,'February 2025'!B:B,'February 2025'!F:F) -> Manufacturing | G68: 15700 | H68: 15700 | I68: 0 | J68: 0 | K68: =_xlfn.XLOOKUP(C68,'February 2025'!C:C,'February 2025'!K:K) -> L-9
A69: 68 | B69: 129 | C69: Naresh K Bairwa | D69: Console | E69: Press man | F69: Manufacturing | G69: 11500 | H69: 11500 | I69: 0 | J69: 0 | K69: L-9
A70: 69 | B70: 10020 | C70: Raju Lal Bairwa | D70: Console | E70: Checker | F70: =_xlfn.XLOOKUP(B70,'February 2025'!B:B,'February 2025'!F:F) -> Manufacturing | G70: 13000 | H70: 13000 | I70: 0 | J70: 0 | K70: =_xlfn.XLOOKUP(C70,'February 2025'!C:C,'February 2025'!K:K) -> L-9
A71: 70 | B71: 10021 | C71: Kaptaan Singh | D71: Console | E71: Checker | F71: =_xlfn.XLOOKUP(C71,'[1]January 2025'!$C:$C,'[1]January 2025'!$I:$I,"") -> Manufacturing | G71: 13000 | H71: 13000 | I71: 0 | J71: 0 | K71: =_xlfn.XLOOKUP(C71,'February 2025'!C:C,'February 2025'!K:K) -> L-9
A72: 71 | B72: 94 | C72: Vibhav Kulshreshtha | D72: Console | E72: Executive | F72: Manufacturing | G72: 11000 | H72: 11000 | I72: 0 | J72: 0 | K72: L-8
A73: 72 | B73: 95 | C73: Laxman Gothwal | D73: Console | E73: Checker | F73: Manufacturing | G73: 11500 | H73: 11500 | I73: 0 | J73: 0 | K73: L-9
A74: 73 | B74: 10024 | C74: Deshraj Meena | D74: Console | E74: Helper | F74: =_xlfn.XLOOKUP(C74,'[1]January 2025'!$C:$C,'[1]January 2025'!$I:$I,"") -> Domestic | G74: 10500 | H74: 10500 | I74: 0 | J74: 0 | K74: L-10
A75: 74 | B75: 10025 | C75: Chiranji Lal Meena | D75: Console | E75: Helper | F75: =_xlfn.XLOOKUP(C75,'[1]January 2025'!$C:$C,'[1]January 2025'!$I:$I,"") -> Manufacturing | G75: 10000 | H75: 10000 | I75: 0 | J75: 0 | K75: L-10
A76: 75 | B76: 99 | C76: Siyaram | D76: Console | E76: Executive | F76: Overseas | G76: 12500 | H76: 12500 | I76: 0 | J76: 0 | K76: L-8
A77: 76 | B77: 10027 | C77: Mahendra Sharma | D77: Console | E77: Senior Executive | F77: =_xlfn.XLOOKUP(B77,'February 2025'!B:B,'February 2025'!F:F) -> Manufacturing | G77: 6500 | H77: 6500 | I77: 0 | J77: 0 | K77: =_xlfn.XLOOKUP(C77,'February 2025'!C:C,'February 2025'!K:K) -> L-7
A78: 77 | B78: 105 | C78: Tara Chand Meena | D78: Console | E78: Executive | F78: Domestic | G78: 11500 | H78: 11500 | I78: 0 | J78: 0 | K78: L-8
A79: 78 | B79: 10029 | C79: Manish Yogi | D79: Console | E79: Checker | F79: Manufacturing | G79: 13000 | H79: 13000 | I79: 0 | J79: 0 | K79: L-9
A80: 79 | B80: 114 | C80: Jitendra Kumar Jatav | D80: Console | E80: Press man | F80: Manufacturing | G80: 13500 | H80: 13500 | I80: 0 | J80: 0 | K80: L-9
A81: 80 | B81: 10031 | C81: Golu Bairwa | D81: Console | E81: Helper | F81: Manufacturing | G81: 11500 | H81: 11500 | I81: 0 | J81: 0 | K81: L-10
A82: 81 | B82: 10032 | C82: Ganesh Meena | D82: Console | E82: Helper | F82: =_xlfn.XLOOKUP(B82,'February 2025'!B:B,'February 2025'!F:F) -> Manufacturing | G82: 12500 | H82: 12500 | I82: 0 | J82: 0 | K82: L-10
A83: 82 | B83: 10033 | C83: Jitu Yogi | D83: Console | E83: Helper | F83: =_xlfn.XLOOKUP(B83,'February 2025'!B:B,'February 2025'!F:F) -> Manufacturing | G83: 12500 | H83: 12500 | I83: 0 | J83: 0 | K83: L-10
A84: 83 | B84: 10034 | C84: Dyasankar Rav | D84: Console | E84: Checker | F84: Manufacturing | G84: 15000 | H84: 15000 | I84: 0 | J84: 0 | K84: L-9
A85: 84 | B85: 121 | C85: Rajkumar Mahawar | D85: Console | E85: Checker | F85: Manufacturing | G85: 13000 | H85: 13000 | I85: 0 | J85: 0 | K85: L-9
A86: 85 | B86: 10036 | C86: Surendra Tailor | D86: Console | E86: Checker | F86: =_xlfn.XLOOKUP(B86,'February 2025'!B:B,'February 2025'!F:F) -> Domestic | G86: 13000 | H86: 13000 | I86: 0 | J86: 0 | K86: =_xlfn.XLOOKUP(C86,'February 2025'!C:C,'February 2025'!K:K) -> L-9
A87: 86 | B87: 10037 | C87: Feliram Bairwa | D87: Console | E87: Checker | F87: =_xlfn.XLOOKUP(C87,'[1]January 2025'!$C:$C,'[1]January 2025'!$I:$I,"") -> Domestic | G87: 13500 | H87: 13500 | I87: 0 | J87: 0 | K87: =_xlfn.XLOOKUP(C87,'February 2025'!C:C,'February 2025'!K:K) -> L-9
A88: 87 | B88: 126 | C88: Malkhan Khalwal | D88: Console | E88: Helper | F88: Manufacturing | G88: 11000 | H88: 11000 | I88: 0 | J88: 0 | K88: L-10
A89: 88 | B89: 22 | C89: Hajari Lal | D89: Console | E89: Press man | F89: =_xlfn.XLOOKUP(B89,'February 2025'!B:B,'February 2025'!F:F) -> Domestic | G89: 13000 | H89: 13000 | I89: 0 | J89: 0 | K89: L-9
A90: 89 | B90: 10040 | C90: Kirshan Kumar Bairwa | D90: Console | E90: Checker | F90: Manufacturing | G90: 13500 | H90: 13500 | I90: 0 | J90: 0 | K90: L-9
A91: 90 | B91: 10041 | C91: Vikash Kumar | D91: Console | E91: Checker | F91: =_xlfn.XLOOKUP(B91,'February 2025'!B:B,'February 2025'!F:F) -> Manufacturing | G91: 14000 | H91: 14000 | I91: 0 | J91: 0 | K91: =_xlfn.XLOOKUP(C91,'February 2025'!C:C,'February 2025'!K:K) -> L-9
A92: 91 | B92: 10042 | C92: Tikkam Singh | D92: Console | E92: Press man | F92: Manufacturing | G92: 12500 | H92: 12500 | I92: 0 | J92: 0 | K92: L-9
A93: 92 | B93: 10043 | C93: Ehsaan Khan | D93: Console | E93: Checker | F93: =_xlfn.XLOOKUP(B93,'February 2025'!B:B,'February 2025'!F:F) -> Manufacturing | G93: 11500 | H93: 11500 | I93: 0 | J93: 0 | K93: =_xlfn.XLOOKUP(C93,'February 2025'!C:C,'February 2025'!K:K) -> L-9
A94: 93 | B94: 10044 | C94: Vijay Kumar | D94: Console | E94: Checker | F94: =_xlfn.XLOOKUP(B94,'February 2025'!B:B,'February 2025'!F:F) -> Manufacturing | G94: 12500 | H94: 12500 | I94: 0 | J94: 0 | K94: L-9
A95: 94 | B95: 149 | C95: Narendra Kumar Mahawar | D95: Console | E95: Checker | F95: Manufacturing | G95: 12500 | H95: 12500 | I95: 0 | J95: 0 | K95: L-9
A96: 95 | B96: 10046 | C96: Suresh Sharma | D96: Console | E96: Computer Operator | F96: =_xlfn.XLOOKUP(B96,'February 2025'!B:B,'February 2025'!F:F) -> Manufacturing | G96: 16500 | H96: 16500 | I96: 0 | J96: 0 | K96: =_xlfn.XLOOKUP(C96,'February 2025'!C:C,'February 2025'!K:K) -> L-7
A97: 96 | B97: 10047 | C97: Ravi Kumar Raigar | D97: Console | E97: Helper | F97: Manufacturing | G97: 10500 | H97: 10500 | I97: 0 | J97: 0 | K97: L-10
A98: 97 | B98: 10048 | C98: Sakuntala Bairwa | D98: Console | E98: Marking | F98: =_xlfn.XLOOKUP(C98,'[1]January 2025'!$C:$C,'[1]January 2025'!$I:$I,"") -> Manufacturing | G98: 8500 | H98: 8500 | I98: 0 | J98: 0 | K98: L-9
A99: 98 | B99: 10049 | C99: Mithta Lal Bairwa | D99: Console | E99: Helper | F99: =_xlfn.XLOOKUP(C99,'[1]January 2025'!$C:$C,'[1]January 2025'!$I:$I,"") -> Domestic | G99: 13000 | H99: 13000 | I99: 0 | J99: 0 | K99: =_xlfn.XLOOKUP(C99,'February 2025'!C:C,'February 2025'!K:K) -> L-10
A100: 99 | B100: 10050 | C100: Upendra Bairwa | D100: Console | E100: Helper | F100: =_xlfn.XLOOKUP(C100,'[1]January 2025'!$C:$C,'[1]January 2025'!$I:$I,"") -> Manufacturing | G100: 11000 | H100: 11000 | I100: 0 | J100: 0 | K100: =_xlfn.XLOOKUP(C100,'February 2025'!C:C,'February 2025'!K:K) -> L-10
...

Sheet February 2025
A1: {='January 2025'!A1:K1} -> Sr. No. | B1: User ID | C1: Emp. Name | D1: Mode | E1: Designation | F1: Department | G1: Gross salary | H1: In Hand Salary | I1: PF Employer | J1: ESI Employer | K1: Level Wise
A2: 1 | B2: 1 | C2: Chanda Ji | D2: On record | E2: Eyelet Marker | F2: =_xlfn.XLOOKUP('February 2025'!B2,'March 2025'!B:B,'March 2025'!F:F) -> Manufacturing | G2: 10300 | H2: 9142 | I2: 1170 | J2: 335 | K2: =_xlfn.XLOOKUP(C2,'March 2025'!C:C,'March 2025'!K:K) -> L-9
A3: 2 | B3: 2 | C3: Surendra Bairwa | D3: On record | E3: Executive | F3: =_xlfn.XLOOKUP(C3,'[1]February 2025'!$C:$C,'[1]February 2025'!$I:$I) -> Domestic | G3: 20500 | H3: 18870 | I3: 1599 | J3: 667 | K3: =_xlfn.XLOOKUP(C3,'March 2025'!C:C,'March 2025'!K:K) -> L-8
A4: 3 | B4: 3 | C4: Harkesh Kumar Bairwa | D4: On record | E4: Cutting Master | F4: =_xlfn.XLOOKUP('February 2025'!B4,'March 2025'!B:B,'March 2025'!F:F) -> Manufacturing | G4: 27500 | H4: 27500 | I4: 0 | J4: 0 | K4: =_xlfn.XLOOKUP(C4,'March 2025'!C:C,'March 2025'!K:K) -> L-9
A5: 4 | B5: 4 | C5: Mohd. Shoyeb Rangrej | D5: On record | E5: Executive | F5: =_xlfn.XLOOKUP(C5,'[1]February 2025'!$C:$C,'[1]February 2025'!$I:$I) -> Domestic | G5: 20625 | H5: 18737.44 | I5: 1877 | J5: 671 | K5: =_xlfn.XLOOKUP(C5,'March 2025'!C:C,'March 2025'!K:K) -> L-6
A6: 5 | B6: 5 | C6: Rizwan Ali Khan | D6: Console | E6: Executive | F6: =_xlfn.XLOOKUP(C6,'[1]February 2025'!$C:$C,'[1]February 2025'!$I:$I) -> Domestic | G6: 33200 | H6: 31400 | I6: 1950 | J6: 0 | K6: =_xlfn.XLOOKUP(C6,'March 2025'!C:C,'March 2025'!K:K) -> L-6
A7: 6 | B7: 6 | C7: Tehseenul Islam Siddque | D7: On record | E7: Merchandiser | F7: =_xlfn.XLOOKUP('February 2025'!B7,'March 2025'!B:B,'March 2025'!F:F) -> Admin | G7: 62500 | H7: 62500 | I7: 0 | J7: 0 | K7: =_xlfn.XLOOKUP(C7,'March 2025'!C:C,'March 2025'!K:K) -> L-5
A8: 7 | B8: 7 | C8: Rajendra Prasad Vijay | D8: On record | E8: Senior Accountant | F8: =_xlfn.XLOOKUP('February 2025'!B8,'March 2025'!B:B,'March 2025'!F:F) -> Admin | G8: 48000 | H8: 48000 | I8: 0 | J8: 0 | K8: =_xlfn.XLOOKUP(C8,'March 2025'!C:C,'March 2025'!K:K) -> L-5
A9: 8 | B9: 9 | C9: Ravi Panchal | D9: On record | E9: SKU checker | F9: =_xlfn.XLOOKUP('February 2025'!B9,'March 2025'!B:B,'March 2025'!F:F) -> Domestic | G9: 14800 | H9: 13613.8 | I9: 1165 | J9: 481 | K9: =_xlfn.XLOOKUP(C9,'March 2025'!C:C,'March 2025'!K:K) -> L-9
A10: 9 | B10: 11 | C10: Rupesh Kumar Jha | D10: On record | E10: Jr. Accountant | F10: =_xlfn.XLOOKUP('February 2025'!B10,'March 2025'!B:B,'March 2025'!F:F) -> Admin | G10: 22000 | H10: 20200 | I10: 1950 | J10: 0 | K10: =_xlfn.XLOOKUP(C10,'March 2025'!C:C,'March 2025'!K:K) -> L-6
A11: 10 | B11: 13 | C11: Lokesh Sharma | D11: On record | E11: Executive | F11: =_xlfn.XLOOKUP('February 2025'!B11,'March 2025'!B:B,'March 2025'!F:F) -> Domestic | G11: 14500 | H11: 13341 | I11: 1138 | J11: 472 | K11: =_xlfn.XLOOKUP(C11,'March 2025'!C:C,'March 2025'!K:K) -> L-7
A12: 11 | B12: 14 | C12: Rajesh Sharma | D12: On record | E12: Office Boy | F12: =_xlfn.XLOOKUP('February 2025'!B12,'March 2025'!B:B,'March 2025'!F:F) -> Office Support | G12: 15400 | H12: 14175.2 | I12: 1201 | J12: 501 | K12: =_xlfn.XLOOKUP(C12,'March 2025'!C:C,'March 2025'!K:K) -> L-10
A13: 12 | B13: 15 | C13: Yashodatt Sharma | D13: On record | E13: Fabric Checker | F13: =_xlfn.XLOOKUP('February 2025'!B13,'March 2025'!B:B,'March 2025'!F:F) -> Manufacturing | G13: 20000 | H13: 18410 | I13: 1560 | J13: 650 | K13: =_xlfn.XLOOKUP(C13,'March 2025'!C:C,'March 2025'!K:K) -> L-9
A14: 13 | B14: 16 | C14: Omprakash Yogi | D14: On record | E14: Checker | F14: =_xlfn.XLOOKUP('February 2025'!B14,'March 2025'!B:B,'March 2025'!F:F) -> Domestic | G14: 14063 | H14: 12775.708 | I14: 1280 | J14: 458 | K14: =_xlfn.XLOOKUP(C14,'March 2025'!C:C,'March 2025'!K:K) -> L-9
A15: 14 | B15: 17 | C15: Naveen Bhaskar | D15: On record | E15: Final Checker | F15: =_xlfn.XLOOKUP('February 2025'!B15,'March 2025'!B:B,'March 2025'!F:F) -> Manufacturing | G15: 17500 | H15: 16108 | I15: 1365 | J15: 569 | K15: =_xlfn.XLOOKUP(C15,'March 2025'!C:C,'March 2025'!K:K) -> L-9
A16: 15 | B16: 19 | C16: Govind Sharma | D16: On record | E16: Checker | F16: =_xlfn.XLOOKUP('February 2025'!B16,'March 2025'!B:B,'March 2025'!F:F) -> Manufacturing | G16: 14000 | H16: 12887 | I16: 1092 | J16: 455 | K16: =_xlfn.XLOOKUP(C16,'March 2025'!C:C,'March 2025'!K:K) -> L-9
A17: 16 | B17: 20 | C17: Naresh Kumar Bairwa | D17: On record | E17: Checker | F17: =_xlfn.XLOOKUP(C17,'[1]February 2025'!$C:$C,'[1]February 2025'!$I:$I) -> Manufacturing | G17: 14500 | H17: 13173 | I17: 1320 | J17: 472 | K17: =_xlfn.XLOOKUP(C17,'March 2025'!C:C,'March 2025'!K:K) -> L-9
A18: 17 | B18: 21 | C18: Sonu Bairwa | D18: On record | E18: Supervisior | F18: =_xlfn.XLOOKUP('February 2025'!B18,'March 2025'!B:B,'March 2025'!F:F) -> Manufacturing | G18: 22000 | H18: 20416 | I18: 1716 | J18: 0 | K18: =_xlfn.XLOOKUP(C18,'March 2025'!C:C,'March 2025'!K:K) -> L-8
A19: 18 | B19: 22 | C19: Mohamad Faizal | D19: On record | E19: Manager | F19: =_xlfn.XLOOKUP('February 2025'!B19,'March 2025'!B:B,'March 2025'!F:F) -> Domestic | G19: 68200 | H19: 66400 | I19: 1950 | J19: 0 | K19: L-5
A20: 19 | B20: 24 | C20: Ravi Kumar Bairwa (Tatawat) | D20: On record | E20: Executive | F20: =_xlfn.XLOOKUP('February 2025'!B20,'March 2025'!B:B,'March 2025'!F:F) -> Domestic | G20: 14000 | H20: 12702.2 | I20: 1292 | J20: 455 | K20: =_xlfn.XLOOKUP(C20,'March 2025'!C:C,'March 2025'!K:K) -> L-8
A21: 20 | B21: 27 | C21: Asim Shoyab Khan | D21: On record | E21: Executive | F21: =_xlfn.XLOOKUP('February 2025'!B21,'March 2025'!B:B,'March 2025'!F:F) -> Domestic | G21: 20625 | H21: 18737.44 | I21: 1877 | J21: 671 | K21: =_xlfn.XLOOKUP(C21,'March 2025'!C:C,'March 2025'!K:K) -> L-6
A22: 21 | B22: 29 | C22: Peeyush Pareek | D22: On record | E22: Manager | F22: =_xlfn.XLOOKUP(C22,'[1]February 2025'!$C:$C,'[1]February 2025'!$I:$I) -> D2C | G22: 79450 | H22: 77650 | I22: 1950 | J22: 0 | K22: =_xlfn.XLOOKUP(C22,'March 2025'!C:C,'March 2025'!K:K) -> L-5
A23: 22 | B23: 32 | C23: Shaitan Singh | D23: On record | E23: Supervisior | F23: =_xlfn.XLOOKUP(C23,'[1]February 2025'!$C:$C,'[1]February 2025'!$I:$I) -> Manufacturing | G23: 24000 | H23: 24000 | I23: 0 | J23: 0 | K23: =_xlfn.XLOOKUP(C23,'March 2025'!C:C,'March 2025'!K:K) -> L-8
A24: 23 | B24: 33 | C24: Chakshita Maheshwari | D24: On record | E24: Graphic Designer | F24: =_xlfn.XLOOKUP('February 2025'!B24,'March 2025'!B:B,'March 2025'!F:F) -> D2C | G24: 31000 | H24: 31000 | I24: 0 | J24: 0 | K24: =_xlfn.XLOOKUP(C24,'March 2025'!C:C,'March 2025'!K:K) -> L-6
A25: 24 | B25: 37 | C25: Karishma Kaityar | D25: On record | E25: Senior Executive | F25: =_xlfn.XLOOKUP('February 2025'!B25,'March 2025'!B:B,'March 2025'!F:F) -> Overseas | G25: 40000 | H25: 40000 | I25: 0 | J25: 0 | K25: =_xlfn.XLOOKUP(C25,'March 2025'!C:C,'March 2025'!K:K) -> L-6
A26: 25 | B26: 38 | C26: Surajmal Prajapati | D26: On record | E26: Human Resource | F26: =_xlfn.XLOOKUP('February 2025'!B26,'March 2025'!B:B,'March 2025'!F:F) -> Admin | G26: 41000 | H26: 41000 | I26: 0 | J26: 0 | K26: =_xlfn.XLOOKUP(C26,'March 2025'!C:C,'March 2025'!K:K) -> L-5
A27: 26 | B27: 39 | C27: Padmawati | D27: On record | E27: Tailor | F27: =_xlfn.XLOOKUP('February 2025'!B27,'March 2025'!B:B,'March 2025'!F:F) -> Manufacturing | G27: 30000 | H27: 30000 | I27: 0 | J27: 0 | K27: =_xlfn.XLOOKUP(C27,'March 2025'!C:C,'March 2025'!K:K) -> L-9
A28: 27 | B28: 40 | C28: Foranti | D28: On record | E28: 0.71944444 | F28: =_xlfn.XLOOKUP(C28,'[1]February 2025'!$C:$C,'[1]February 2025'!$I:$I) -> Manufacturing | G28: 30000 | H28: 30000 | I28: 0 | J28: 0 | K28: =_xlfn.XLOOKUP(C28,'March 2025'!C:C,'March 2025'!K:K) -> L-9
A29: 28 | B29: 41 | C29: Sonu Bairwa Tailor | D29: On record | E29: Tailor | F29: =_xlfn.XLOOKUP('February 2025'!B29,'March 2025'!B:B,'March 2025'!F:F) -> Manufacturing | G29: 30000 | H29: 30000 | I29: 0 | J29: 0 | K29: =_xlfn.XLOOKUP(C29,'March 2025'!C:C,'March 2025'!K:K) -> L-9
A30: 29 | B30: 42 | C30: Raji Devi | D30: On record | E30: Tailor | F30: =_xlfn.XLOOKUP('February 2025'!B30,'March 2025'!B:B,'March 2025'!F:F) -> Manufacturing | G30: 30000 | H30: 30000 | I30: 0 | J30: 0 | K30: =_xlfn.XLOOKUP(C30,'March 2025'!C:C,'March 2025'!K:K) -> L-9
A31: 30 | B31: 43 | C31: Laxman | D31: On record | E31: Tailor | F31: =_xlfn.XLOOKUP('February 2025'!B31,'March 2025'!B:B,'March 2025'!F:F) -> Manufacturing | G31: 30000 | H31: 30000 | I31: 0 | J31: 0 | K31: =_xlfn.XLOOKUP(C31,'March 2025'!C:C,'March 2025'!K:K) -> L-9
A32: 31 | B32: 44 | C32: Dilip | D32: On record | E32: Tailor | F32: =_xlfn.XLOOKUP('February 2025'!B32,'March 2025'!B:B,'March 2025'!F:F) -> Manufacturing | G32: 30000 | H32: 30000 | I32: 0 | J32: 0 | K32: =_xlfn.XLOOKUP(C32,'March 2025'!C:C,'March 2025'!K:K) -> L-9
A33: 32 | B33: 46 | C33: Furqan Hameed | D33: On record | E33: Manager | F33: =_xlfn.XLOOKUP('February 2025'!B33,'March 2025'!B:B,'March 2025'!F:F) -> Overseas | G33: 80000 | H33: 80000 | I33: 0 | J33: 0 | K33: =_xlfn.XLOOKUP(C33,'March 2025'!C:C,'March 2025'!K:K) -> L-5
A34: 33 | B34: 47 | C34: Riddhi Gupta | D34: On record | E34: Customer Relatioship Executive | F34: =_xlfn.XLOOKUP('February 2025'!B34,'March 2025'!B:B,'March 2025'!F:F) -> D2C | G34: 19000 | H34: 18857 | I34: 0 | J34: 618 | K34: l-6
A35: 34 | B35: 48 | C35: Safina Khan | D35: On record | E35: Tailor | F35: =_xlfn.XLOOKUP('February 2025'!B35,'March 2025'!B:B,'March 2025'!F:F) -> Manufacturing | G35: 30000 | H35: 30000 | I35: 0 | J35: 0 | K35: =_xlfn.XLOOKUP(C35,'March 2025'!C:C,'March 2025'!K:K) -> L-9
A36: 35 | B36: 49 | C36: Gulbatti Meena | D36: On record | E36: Tailor | F36: =_xlfn.XLOOKUP(C36,'[1]February 2025'!$C:$C,'[1]February 2025'!$I:$I) -> Manufacturing | G36: 30000 | H36: 30000 | I36: 0 | J36: 0 | K36: =_xlfn.XLOOKUP(C36,'March 2025'!C:C,'March 2025'!K:K) -> L-9
A37: 36 | B37: 10002 | C37: Manish Kumar Bairwa | D37: Console | E37: Press man | F37: =_xlfn.XLOOKUP('February 2025'!B37,'March 2025'!B:B,'March 2025'!F:F) -> Domestic | G37: 14000 | H37: 14000 | I37: 0 | J37: 0 | K37: =_xlfn.XLOOKUP(C37,'March 2025'!C:C,'March 2025'!K:K) -> L-10
A38: 37 | B38: 10004 | C38: Ramswaroop | D38: Console | E38: Final Checker | F38: =_xlfn.XLOOKUP('February 2025'!B38,'March 2025'!B:B,'March 2025'!F:F) -> Manufacturing | G38: 15000 | H38: 15000 | I38: 0 | J38: 0 | K38: =_xlfn.XLOOKUP(C38,'March 2025'!C:C,'March 2025'!K:K) -> L-9
A39: 38 | B39: 10005 | C39: Chhaju Lal Saini | D39: Console | E39: Computer Operator | F39: =_xlfn.XLOOKUP('February 2025'!B39,'March 2025'!B:B,'March 2025'!F:F) -> Manufacturing | G39: 16000 | H39: 16000 | I39: 0 | J39: 0 | K39: =_xlfn.XLOOKUP(C39,'March 2025'!C:C,'March 2025'!K:K) -> L-8
A40: 39 | B40: 10006 | C40: Mahendra Gurjer | D40: Console | E40: Cutting Master | F40: =_xlfn.XLOOKUP('February 2025'!B40,'March 2025'!B:B,'March 2025'!F:F) -> Manufacturing | G40: 16000 | H40: 16000 | I40: 0 | J40: 0 | K40: =_xlfn.XLOOKUP(C40,'March 2025'!C:C,'March 2025'!K:K) -> L-9
A41: 40 | B41: 10007 | C41: Jitendra Sharma | D41: Console | E41: Executive | F41: =_xlfn.XLOOKUP(C41,'[1]February 2025'!$C:$C,'[1]February 2025'!$I:$I) -> Manufacturing | G41: 13500 | H41: 13500 | I41: 0 | J41: 0 | K41: =_xlfn.XLOOKUP(C41,'March 2025'!C:C,'March 2025'!K:K) -> L-8
A42: 41 | B42: 10008 | C42: Santara | D42: Console | E42: SWEEPER | F42: =_xlfn.XLOOKUP('February 2025'!B42,'March 2025'!B:B,'March 2025'!F:F) -> Domestic | G42: 10000 | H42: 10000 | I42: 0 | J42: 0 | K42: =_xlfn.XLOOKUP(C42,'March 2025'!C:C,'March 2025'!K:K) -> L-10
A43: 42 | B43: 10009 | C43: Rohitash Kumar | D43: Console | E43: Helper | F43: =_xlfn.XLOOKUP(C43,'[1]February 2025'!$C:$C,'[1]February 2025'!$I:$I) -> Domestic | G43: 11500 | H43: 11500 | I43: 0 | J43: 0 | K43: =_xlfn.XLOOKUP(C43,'March 2025'!C:C,'March 2025'!K:K) -> L-10
A44: 43 | B44: 10012 | C44: Ramavtar sharma | D44: Console | E44: Guard | F44: =_xlfn.XLOOKUP('February 2025'!B44,'March 2025'!B:B,'March 2025'!F:F) -> Manufacturing | G44: 14000 | H44: 14000 | I44: 0 | J44: 0 | K44: =_xlfn.XLOOKUP(C44,'March 2025'!C:C,'March 2025'!K:K) -> L-10
A45: 44 | B45: 10013 | C45: Jitendra Bairwa | D45: Console | E45: Executive | F45: =_xlfn.XLOOKUP('February 2025'!B45,'March 2025'!B:B,'March 2025'!F:F) -> Office Support | G45: 13500 | H45: 13500 | I45: 0 | J45: 0 | K45: =_xlfn.XLOOKUP(C45,'March 2025'!C:C,'March 2025'!K:K) -> L-8
A46: 45 | B46: 10014 | C46: Vikash Bairwa | D46: Console | E46: Helper | F46: =_xlfn.XLOOKUP('February 2025'!B46,'March 2025'!B:B,'March 2025'!F:F) -> Office Support | G46: 12000 | H46: 12000 | I46: 0 | J46: 0 | K46: =_xlfn.XLOOKUP(C46,'March 2025'!C:C,'March 2025'!K:K) -> L-10
A47: 46 | B47: 10015 | C47: Asharam Bairwa | D47: Console | E47: Checker | F47: =_xlfn.XLOOKUP('February 2025'!B47,'March 2025'!B:B,'March 2025'!F:F) -> Manufacturing | G47: 14000 | H47: 14000 | I47: 0 | J47: 0 | K47: =_xlfn.XLOOKUP(C47,'March 2025'!C:C,'March 2025'!K:K) -> L-9
A48: 47 | B48: 10016 | C48: Manjeet Sain | D48: Console | E48: Executive | F48: =_xlfn.XLOOKUP('February 2025'!B48,'March 2025'!B:B,'March 2025'!F:F) -> Manufacturing | G48: 12500 | H48: 12500 | I48: 0 | J48: 0 | K48: =_xlfn.XLOOKUP(C48,'March 2025'!C:C,'March 2025'!K:K) -> L-8
A49: 48 | B49: 10017 | C49: Mohan lal Bairwa | D49: Console | E49: Helper | F49: =_xlfn.XLOOKUP(C49,'[1]February 2025'!$C:$C,'[1]February 2025'!$I:$I) -> Domestic | G49: 13000 | H49: 13000 | I49: 0 | J49: 0 | K49: =_xlfn.XLOOKUP(C49,'March 2025'!C:C,'March 2025'!K:K) -> L-10
A50: 49 | B50: 10018 | C50: Rahul Bairwa | D50: Console | E50: Checker | F50: =_xlfn.XLOOKUP('February 2025'!B50,'March 2025'!B:B,'March 2025'!F:F) -> Manufacturing | G50: 15700 | H50: 15700 | I50: 0 | J50: 0 | K50: =_xlfn.XLOOKUP(C50,'March 2025'!C:C,'March 2025'!K:K) -> L-9
A51: 50 | B51: 10020 | C51: Raju Lal Bairwa | D51: Console | E51: Checker | F51: =_xlfn.XLOOKUP('February 2025'!B51,'March 2025'!B:B,'March 2025'!F:F) -> Manufacturing | G51: 13000 | H51: 13000 | I51: 0 | J51: 0 | K51: =_xlfn.XLOOKUP(C51,'March 2025'!C:C,'March 2025'!K:K) -> L-9
A52: 51 | B52: 10021 | C52: Kaptaan Singh | D52: Console | E52: Checker | F52: =_xlfn.XLOOKUP(C52,'[1]February 2025'!$C:$C,'[1]February 2025'!$I:$I) -> Manufacturing | G52: 13000 | H52: 13000 | I52: 0 | J52: 0 | K52: =_xlfn.XLOOKUP(C52,'March 2025'!C:C,'March 2025'!K:K) -> L-9
A53: 52 | B53: 10027 | C53: Mahendra Sharma | D53: Console | E53: Senior Executive | F53: =_xlfn.XLOOKUP('February 2025'!B53,'March 2025'!B:B,'March 2025'!F:F) -> Manufacturing | G53: 6500 | H53: 6500 | I53: 0 | J53: 0 | K53: =_xlfn.XLOOKUP(C53,'March 2025'!C:C,'March 2025'!K:K) -> L-7
A54: 53 | B54: 10032 | C54: Ganesh Meena | D54: Console | E54: Helper | F54: =_xlfn.XLOOKUP('February 2025'!B54,'March 2025'!B:B,'March 2025'!F:F) -> Manufacturing | G54: 12500 | H54: 12500 | I54: 0 | J54: 0 | K54: L-10
A55: 54 | B55: 10033 | C55: Jitu Yogi | D55: Console | E55: Helper | F55: =_xlfn.XLOOKUP('February 2025'!B55,'March 2025'!B:B,'March 2025'!F:F) -> Manufacturing | G55: 12500 | H55: 12500 | I55: 0 | J55: 0 | K55: L-10
A56: 55 | B56: 10036 | C56: Surendra Tailor | D56: Console | E56: Checker | F56: =_xlfn.XLOOKUP('February 2025'!B56,'March 2025'!B:B,'March 2025'!F:F) -> Domestic | G56: 13000 | H56: 13000 | I56: 0 | J56: 0 | K56: =_xlfn.XLOOKUP(C56,'March 2025'!C:C,'March 2025'!K:K) -> L-9
A57: 56 | B57: 10037 | C57: Feliram Bairwa | D57: Console | E57: Checker | F57: =_xlfn.XLOOKUP(C57,'[1]February 2025'!$C:$C,'[1]February 2025'!$I:$I) -> Domestic | G57: 13500 | H57: 13500 | I57: 0 | J57: 0 | K57: =_xlfn.XLOOKUP(C57,'March 2025'!C:C,'March 2025'!K:K) -> L-9
A58: 57 | B58: 10041 | C58: Vikash Kumar | D58: Console | E58: Checker | F58: =_xlfn.XLOOKUP('February 2025'!B58,'March 2025'!B:B,'March 2025'!F:F) -> Manufacturing | G58: 14000 | H58: 14000 | I58: 0 | J58: 0 | K58: =_xlfn.XLOOKUP(C58,'March 2025'!C:C,'March 2025'!K:K) -> L-9
A59: 58 | B59: 10043 | C59: Ehsaan Khan | D59: Console | E59: Checker | F59: =_xlfn.XLOOKUP('February 2025'!B59,'March 2025'!B:B,'March 2025'!F:F) -> Manufacturing | G59: 11500 | H59: 11500 | I59: 0 | J59: 0 | K59: =_xlfn.XLOOKUP(C59,'March 2025'!C:C,'March 2025'!K:K) -> L-9
A60: 59 | B60: 10044 | C60: Vijay Kumar | D60: Console | E60: Checker | F60: =_xlfn.XLOOKUP('February 2025'!B60,'March 2025'!B:B,'March 2025'!F:F) -> Manufacturing | G60: 12500 | H60: 12500 | I60: 0 | J60: 0 | K60: L-9
A61: 60 | B61: 10046 | C61: Suresh Sharma | D61: Console | E61: Computer Operator | F61: =_xlfn.XLOOKUP('February 2025'!B61,'March 2025'!B:B,'March 2025'!F:F) -> Manufacturing | G61: 16500 | H61: 16500 | I61: 0 | J61: 0 | K61: =_xlfn.XLOOKUP(C61,'March 2025'!C:C,'March 2025'!K:K) -> L-7
A62: 61 | B62: 10049 | C62: Mithta Lal Bairwa | D62: Console | E62: Helper | F62: =_xlfn.XLOOKUP(C62,'[1]February 2025'!$C:$C,'[1]February 2025'!$I:$I) -> Domestic | G62: 13000 | H62: 13000 | I62: 0 | J62: 0 | K62: =_xlfn.XLOOKUP(C62,'March 2025'!C:C,'March 2025'!K:K) -> L-10
A63: 62 | B63: 10050 | C63: Upendra Bairwa | D63: Console | E63: Helper | F63: =_xlfn.XLOOKUP(C63,'[1]February 2025'!$C:$C,'[1]February 2025'!$I:$I) -> Manufacturing | G63: 11000 | H63: 11000 | I63: 0 | J63: 0 | K63: =_xlfn.XLOOKUP(C63,'March 2025'!C:C,'March 2025'!K:K) -> L-10
A64: 63 | B64: 10053 | C64: Hanuman Sahay Prajapat | D64: Console | E64: Computer Operator | F64: =_xlfn.XLOOKUP('February 2025'!B64,'March 2025'!B:B,'March 2025'!F:F) -> Manufacturing | G64: 13000 | H64: 13000 | I64: 0 | J64: 0 | K64: =_xlfn.XLOOKUP(C64,'March 2025'!C:C,'March 2025'!K:K) -> L-7
A65: 64 | B65: 10054 | C65: Pawan Prajapat | D65: Console | E65: Computer Operator | F65: =_xlfn.XLOOKUP('February 2025'!B65,'March 2025'!B:B,'March 2025'!F:F) -> Domestic | G65: 14500 | H65: 14500 | I65: 0 | J65: 0 | K65: =_xlfn.XLOOKUP(C65,'March 2025'!C:C,'March 2025'!K:K) -> L-7
A66: 65 | B66: 10055 | C66: Jabid Husen | D66: Console | E66: Helper | F66: =_xlfn.XLOOKUP(C66,'[1]February 2025'!$C:$C,'[1]February 2025'!$I:$I) -> Domestic | G66: 11000 | H66: 11000 | I66: 0 | J66: 0 | K66: =_xlfn.XLOOKUP(C66,'March 2025'!C:C,'March 2025'!K:K) -> L-10
A67: 66 | B67: 10057 | C67: Saddam Hussain | D67: Console | E67: Cutting Master | F67: =_xlfn.XLOOKUP('February 2025'!B67,'March 2025'!B:B,'March 2025'!F:F) -> Manufacturing | G67: 22000 | H67: 22000 | I67: 0 | J67: 0 | K67: =_xlfn.XLOOKUP(C67,'March 2025'!C:C,'March 2025'!K:K) -> L-9
A68: 67 | B68: 10061 | C68: Ritu Devi | D68: Console | E68: Eyelet Marker | F68: =_xlfn.XLOOKUP('February 2025'!B68,'March 2025'!B:B,'March 2025'!F:F) -> Domestic | G68: 8800 | H68: 8800 | I68: 0 | J68: 0 | K68: =_xlfn.XLOOKUP(C68,'March 2025'!C:C,'March 2025'!K:K) -> L-9
A69: 68 | B69: 10062 | C69: Vinod Kumar Bairwa | D69: Console | E69: Helper | F69: =_xlfn.XLOOKUP('February 2025'!B69,'March 2025'!B:B,'March 2025'!F:F) -> Manufacturing | G69: 10500 | H69: 10500 | I69: 0 | J69: 0 | K69: =_xlfn.XLOOKUP(C69,'March 2025'!C:C,'March 2025'!K:K) -> L-10
A70: 69 | B70: 10063 | C70: Ashutosh Bairwa | D70: Console | E70: Helper | F70: =_xlfn.XLOOKUP('February 2025'!B70,'March 2025'!B:B,'March 2025'!F:F) -> Manufacturing | G70: 11000 | H70: 11000 | I70: 0 | J70: 0 | K70: =_xlfn.XLOOKUP(C70,'March 2025'!C:C,'March 2025'!K:K) -> L-10
A71: 70 | B71: 10064 | C71: Rajkumari Tailor | D71: Console | E71: Checker | F71: =_xlfn.XLOOKUP(C71,'[1]February 2025'!$C:$C,'[1]February 2025'!$I:$I) -> Manufacturing | G71: 13500 | H71: 13500 | I71: 0 | J71: 0 | K71: =_xlfn.XLOOKUP(C71,'March 2025'!C:C,'March 2025'!K:K) -> L-9
A72: 71 | B72: 10067 | C72: Sonu Bairwa | D72: Console | E72: Press man | F72: =_xlfn.XLOOKUP(C72,'[1]February 2025'!$C:$C,'[1]February 2025'!$I:$I) -> Manufacturing | G72: 11500 | H72: 11500 | I72: 0 | J72: 0 | K72: =_xlfn.XLOOKUP(C72,'March 2025'!C:C,'March 2025'!K:K) -> L-8
A73: 72 | B73: 10068 | C73: Sheru Kumar | D73: Console | E73: Helper | F73: =_xlfn.XLOOKUP(C73,'[1]February 2025'!$C:$C,'[1]February 2025'!$I:$I) -> Domestic | G73: 12000 | H73: 12000 | I73: 0 | J73: 0 | K73: =_xlfn.XLOOKUP(C73,'March 2025'!C:C,'March 2025'!K:K) -> L-10
A74: 73 | B74: 10069 | C74: Kamlesh Meena | D74: Console | E74: Checker | F74: =_xlfn.XLOOKUP('February 2025'!B74,'March 2025'!B:B,'March 2025'!F:F) -> Manufacturing | G74: 13000 | H74: 13000 | I74: 0 | J74: 0 | K74: =_xlfn.XLOOKUP(C74,'March 2025'!C:C,'March 2025'!K:K) -> L-9
A75: 74 | B75: 10070 | C75: Santosh Devi | D75: Console | E75: Checker | F75: =_xlfn.XLOOKUP('February 2025'!B75,'March 2025'!B:B,'March 2025'!F:F) -> Domestic | G75: 13500 | H75: 13500 | I75: 0 | J75: 0 | K75: =_xlfn.XLOOKUP(C75,'March 2025'!C:C,'March 2025'!K:K) -> L-9
A76: 75 | B76: 10074 | C76: Vikash Bairwa | D76: Console | E76: Helper | F76: =_xlfn.XLOOKUP(C76,'[1]February 2025'!$C:$C,'[1]February 2025'!$I:$I) -> Domestic | G76: 11000 | H76: 11000 | I76: 0 | J76: 0 | K76: =_xlfn.XLOOKUP(C76,'March 2025'!C:C,'March 2025'!K:K) -> L-10
A77: 76 | B77: 10076 | C77: Buddhi Prakash | D77: Console | E77: Press man | F77: =_xlfn.XLOOKUP('February 2025'!B77,'March 2025'!B:B,'March 2025'!F:F) -> Manufacturing | G77: 12500 | H77: 12500 | I77: 0 | J77: 0 | K77: =_xlfn.XLOOKUP(C77,'March 2025'!C:C,'March 2025'!K:K) -> L-9
A78: 77 | B78: 10078 | C78: Tulsi Ram Meena | D78: Console | E78: Cutting Master | F78: =_xlfn.XLOOKUP('February 2025'!B78,'March 2025'!B:B,'March 2025'!F:F) -> Manufacturing | G78: 19000 | H78: 19000 | I78: 0 | J78: 0 | K78: =_xlfn.XLOOKUP(C78,'March 2025'!C:C,'March 2025'!K:K) -> L-9
A79: 78 | B79: 10084 | C79: Krishna Rani | D79: Console | E79: Checker | F79: =_xlfn.XLOOKUP('February 2025'!B79,'March 2025'!B:B,'March 2025'!F:F) -> Manufacturing | G79: 12000 | H79: 12000 | I79: 0 | J79: 0 | K79: L-9
A80: 79 | B80: 10088 | C80: Vishnu Kumar Yogi | D80: Console | E80: Checker | F80: =_xlfn.XLOOKUP('February 2025'!B80,'March 2025'!B:B,'March 2025'!F:F) -> Manufacturing | G80: 12500 | H80: 12500 | I80: 0 | J80: 0 | K80: L-9
A81: 80 | B81: 50 | C81: Ajay Singh Tiwari | D81: On record | E81: Executive | F81: =_xlfn.XLOOKUP('February 2025'!B81,'March 2025'!B:B,'March 2025'!F:F) -> Manufacturing | G81: 30000 | H81: 30000 | I81: 0 | J81: 0 | K81: =_xlfn.XLOOKUP(C81,'March 2025'!C:C,'March 2025'!K:K) -> L-6
A82: 81 | B82: 10092 | C82: Abhishek Choudhary | D82: Console | E82: Executive | F82: =_xlfn.XLOOKUP('February 2025'!B82,'March 2025'!B:B,'March 2025'!F:F) -> Manufacturing | G82: 17000 | H82: 17000 | I82: 0 | J82: 0 | K82: =_xlfn.XLOOKUP(C82,'March 2025'!C:C,'March 2025'!K:K) -> L-8
A83: 82 | B83: 10093 | C83: Mahendra Yogi | D83: Console | E83: Computer Operator | F83: =_xlfn.XLOOKUP('February 2025'!B83,'March 2025'!B:B,'March 2025'!F:F) -> Manufacturing | G83: 12500 | H83: 12500 | I83: 0 | J83: 0 | K83: =_xlfn.XLOOKUP(C83,'March 2025'!C:C,'March 2025'!K:K) -> L-7
A84: 83 | B84: 10094 | C84: Dawlu Kumar | D84: Console | E84: Helper | F84: =_xlfn.XLOOKUP(C84,'[1]February 2025'!$C:$C,'[1]February 2025'!$I:$I) -> Domestic | G84: 11000 | H84: 11000 | I84: 0 | J84: 0 | K84: L-10
A85: 84 | B85: 51 | C85: Arti Sharma | D85: On record | E85: Vendor Relationship Manager | F85: =_xlfn.XLOOKUP('February 2025'!B85,'March 2025'!B:B,'March 2025'!F:F) -> Manufacturing | G85: 35000 | H85: 35000 | I85: 0 | J85: 0 | K85: L-6
A86: 85 | B86: 52 | C86: Divya Ranjan | D86: On record | E86: Textile Designer | F86: =_xlfn.XLOOKUP('February 2025'!B86,'March 2025'!B:B,'March 2025'!F:F) -> Domestic | G86: 50050 | H86: 48250 | I86: 1950 | J86: 0 | K86: L-6
A87: 86 | B87: 10096 | C87: Ramprasad Meena | D87: Console | E87: Press man | F87: =_xlfn.XLOOKUP(C87,'[1]February 2025'!$C:$C,'[1]February 2025'!$I:$I) -> Manufacturing | G87: 13000 | H87: 13000 | I87: 0 | J87: 0 | K87: =_xlfn.XLOOKUP(C87,'March 2025'!C:C,'March 2025'!K:K) -> L-9
A88: 87 | B88: 10097 | C88: Binni Kumar Bairwa | D88: Console | E88: Helper | F88: =_xlfn.XLOOKUP('February 2025'!B88,'March 2025'!B:B,'March 2025'!F:F) -> Manufacturing | G88: 12000 | H88: 12000 | I88: 0 | J88: 0 | K88: =_xlfn.XLOOKUP(C88,'March 2025'!C:C,'March 2025'!K:K) -> L-10
A89: 88 | B89: 10099 | C89: Rati Ram Mali | D89: Console | E89: Helper | F89: =_xlfn.XLOOKUP('February 2025'!B89,'March 2025'!B:B,'March 2025'!F:F) -> Manufacturing | G89: 11000 | H89: 11000 | I89: 0 | J89: 0 | K89: =_xlfn.XLOOKUP(C89,'March 2025'!C:C,'March 2025'!K:K) -> L-10
A90: 89 | B90: 10101 | C90: Mamta Meena | D90: Console | E90: Checker | F90: =_xlfn.XLOOKUP('February 2025'!B90,'March 2025'!B:B,'March 2025'!F:F) -> Manufacturing | G90: 11500 | H90: 11500 | I90: 0 | J90: 0 | K90: =_xlfn.XLOOKUP(C90,'March 2025'!C:C,'March 2025'!K:K) -> L-9
A91: 90 | B91: 54 | C91: Mamta Saini | D91: On record | E91: Tailor | F91: =_xlfn.XLOOKUP('February 2025'!B91,'March 2025'!B:B,'March 2025'!F:F) -> Manufacturing | G91: 30000 | H91: 30000 | I91: 0 | J91: 0 | K91: =_xlfn.XLOOKUP(C91,'March 2025'!C:C,'March 2025'!K:K) -> L-9
A92: 91 | B92: 55 | C92: Mamta Sain | D92: On record | E92: Tailor | F92: =_xlfn.XLOOKUP('February 2025'!B92,'March 2025'!B:B,'March 2025'!F:F) -> Manufacturing | G92: 30000 | H92: 30000 | I92: 0 | J92: 0 | K92: =_xlfn.XLOOKUP(C92,'March 2025'!C:C,'March 2025'!K:K) -> L-9
A93: 92 | B93: 56 | C93: Shayari Saini | D93: On record | E93: Tailor | F93: =_xlfn.XLOOKUP('February 2025'!B93,'March 2025'!B:B,'March 2025'!F:F) -> Domestic | G93: 30000 | H93: 30000 | I93: 0 | J93: 0 | K93: =_xlfn.XLOOKUP(C93,'March 2025'!C:C,'March 2025'!K:K) -> L-9
A94: 93 | B94: 57 | C94: Jatin Arora | D94: On record | E94: Manager | F94: =_xlfn.XLOOKUP('February 2025'!B94,'March 2025'!B:B,'March 2025'!F:F) -> Manufacturing | G94: 48600 | H94: 46800 | I94: 1950 | J94: 0 | K94: =_xlfn.XLOOKUP(C94,'March 2025'!C:C,'March 2025'!K:K) -> L-6
A95: 94 | B95: 58 | C95: Hitesh Kumar Baroliya | D95: On record | E95: Executive | F95: =_xlfn.XLOOKUP('February 2025'!B95,'March 2025'!B:B,'March 2025'!F:F) -> Manufacturing | G95: 17000 | H95: 15852 | I95: 1105 | J95: 553 | K95: L-8
A96: 95 | B96: 10103 | C96: Priyanka Meena | D96: Console | E96: Checker | F96: =_xlfn.XLOOKUP('February 2025'!B96,'March 2025'!B:B,'March 2025'!F:F) -> Manufacturing | G96: 12500 | H96: 12500 | I96: 0 | J96: 0 | K96: =_xlfn.XLOOKUP(C96,'March 2025'!C:C,'March 2025'!K:K) -> L-9
A97: 96 | B97: 10104 | C97: Rinku Kumar Meena | D97: Console | E97: Checker | F97: =_xlfn.XLOOKUP('February 2025'!B97,'March 2025'!B:B,'March 2025'!F:F) -> Manufacturing | G97: 13500 | H97: 13500 | I97: 0 | J97: 0 | K97: =_xlfn.XLOOKUP(C97,'March 2025'!C:C,'March 2025'!K:K) -> L-9
A98: 97 | B98: 10107 | C98: Hari Charan Meena | D98: Console | E98: Cutting Master | F98: =_xlfn.XLOOKUP(C98,'[1]February 2025'!$C:$C,'[1]February 2025'!$I:$I) -> Manufacturing | G98: 13000 | H98: 13000 | I98: 0 | J98: 0 | K98: =_xlfn.XLOOKUP(C98,'March 2025'!C:C,'March 2025'!K:K) -> L-9
A99: 98 | B99: 10109 | C99: Babali | D99: Console | E99: Checker | F99: =_xlfn.XLOOKUP('February 2025'!B99,'March 2025'!B:B,'March 2025'!F:F) -> Manufacturing | G99: 11500 | H99: 11500 | I99: 0 | J99: 0 | K99: =_xlfn.XLOOKUP(C99,'March 2025'!C:C,'March 2025'!K:K) -> L-9
A100: 99 | B100: 10110 | C100: Raghunandan Meena | D100: Console | E100: Press man | F100: =_xlfn.XLOOKUP('February 2025'!B100,'March 2025'!B:B,'March 2025'!F:F) -> Manufacturing | G100: 11500 | H100: 11500 | I100: 0 | J100: 0 | K100: =_xlfn.XLOOKUP(C100,'March 2025'!C:C,'March 2025'!K:K) -> L-9
...

Sheet March 2025
A1: Sr. No. | B1: User ID | C1: Emp. Name | D1: Mode | E1: Designation | F1: Department | G1: Gross salary | H1: In Hand Salary | I1: PF Employer | J1: ESI Employer | K1: Level Wise
A2: 1 | B2: 1 | C2: Chanda Ji | D2: On record | E2: Eyelet Marker | F2: =_xlfn.XLOOKUP(B2,'April 2025'!B:B,'April 2025'!F:F) -> Manufacturing | G2: 10300 | H2: 9142 | I2: 1170 | J2: 335 | K2: =_xlfn.XLOOKUP(C2,'April 2025'!C:C,'April 2025'!K:K) -> L-9
A3: 2 | B3: 2 | C3: Surendra Bairwa | D3: On record | E3: Executive | F3: =_xlfn.XLOOKUP(B3,'April 2025'!B:B,'April 2025'!F:F) -> Domestic | G3: 20500 | H3: 18870 | I3: 1599 | J3: 667 | K3: =_xlfn.XLOOKUP(C3,'April 2025'!C:C,'April 2025'!K:K) -> L-8
A4: 3 | B4: 3 | C4: Harkesh Kumar Bairwa | D4: On record | E4: Cutting Master | F4: =_xlfn.XLOOKUP(B4,'April 2025'!B:B,'April 2025'!F:F) -> Manufacturing | G4: 27500 | H4: 27500 | I4: 0 | J4: 0 | K4: =_xlfn.XLOOKUP(C4,'April 2025'!C:C,'April 2025'!K:K) -> L-9
A5: 4 | B5: 4 | C5: Mohd. Shoyeb Rangrej | D5: On record | E5: Executive | F5: =_xlfn.XLOOKUP(B5,'April 2025'!B:B,'April 2025'!F:F) -> Domestic | G5: 20625 | H5: 18737.44 | I5: 1877 | J5: 671 | K5: =_xlfn.XLOOKUP(C5,'April 2025'!C:C,'April 2025'!K:K) -> L-6
A6: 5 | B6: 5 | C6: Rizwan Ali Khan | D6: Console | E6: Executive | F6: =_xlfn.XLOOKUP(B6,'April 2025'!B:B,'April 2025'!F:F) -> Domestic | G6: 33200 | H6: 31400 | I6: 1950 | J6: 0 | K6: =_xlfn.XLOOKUP(C6,'April 2025'!C:C,'April 2025'!K:K) -> L-6
A7: 6 | B7: 6 | C7: Tehseenul Islam Siddque | D7: On record | E7: Merchandiser | F7: =_xlfn.XLOOKUP(B7,'April 2025'!B:B,'April 2025'!F:F) -> Admin | G7: 62500 | H7: 62500 | I7: 0 | J7: 0 | K7: =_xlfn.XLOOKUP(C7,'April 2025'!C:C,'April 2025'!K:K) -> L-5
A8: 7 | B8: 7 | C8: Rajendra Prasad Vijay | D8: On record | E8: Senior Accountant | F8: =_xlfn.XLOOKUP(B8,'April 2025'!B:B,'April 2025'!F:F) -> Admin | G8: 48000 | H8: 48000 | I8: 0 | J8: 0 | K8: =_xlfn.XLOOKUP(C8,'April 2025'!C:C,'April 2025'!K:K) -> L-5
A9: 8 | B9: 8 | C9: Pankaj | D9: On record | E9: Final Checker | F9: =_xlfn.XLOOKUP(C9,'January 2025'!C:C,'January 2025'!F:F) -> Manufacturing | G9: 18225 | H9: 16775.8 | I9: 1422 | J9: 593 | K9: L-9
A10: 9 | B10: 9 | C10: Ravi Panchal | D10: On record | E10: SKU checker | F10: =_xlfn.XLOOKUP(B10,'April 2025'!B:B,'April 2025'!F:F) -> Domestic | G10: 14800 | H10: 13613.8 | I10: 1165 | J10: 481 | K10: =_xlfn.XLOOKUP(C10,'April 2025'!C:C,'April 2025'!K:K) -> L-9
A11: 10 | B11: 10 | C11: Chandrakanta Meher | D11: On record | E11: Executive | F11: =_xlfn.XLOOKUP(C11,'January 2025'!C:C,'January 2025'!F:F) -> Manufacturing | G11: 34300 | H11: 34300 | I11: 0 | J11: 0 | K11: L-8
A12: 11 | B12: 11 | C12: Rupesh Kumar Jha | D12: On record | E12: Jr. Accountant | F12: =_xlfn.XLOOKUP(B12,'April 2025'!B:B,'April 2025'!F:F) -> Admin | G12: 22000 | H12: 20200 | I12: 1950 | J12: 0 | K12: =_xlfn.XLOOKUP(C12,'April 2025'!C:C,'April 2025'!K:K) -> L-6
A13: 12 | B13: 16 | C13: Abhishek Saini | D13: On record | E13: HR Manager | F13: =_xlfn.XLOOKUP(B13,'April 2025'!B:B,'April 2025'!F:F) -> Domestic | G13: 29000 | H13: 29000 | I13: 0 | J13: 0 | K13: =_xlfn.XLOOKUP(C13,'April 2025'!C:C,'April 2025'!K:K) -> L-9
A14: 13 | B14: 13 | C14: Lokesh Sharma | D14: On record | E14: Executive | F14: =_xlfn.XLOOKUP(B14,'April 2025'!B:B,'April 2025'!F:F) -> Domestic | G14: 14500 | H14: 13341 | I14: 1138 | J14: 472 | K14: =_xlfn.XLOOKUP(C14,'April 2025'!C:C,'April 2025'!K:K) -> L-7
A15: 14 | B15: 14 | C15: Rajesh Sharma | D15: On record | E15: Office Boy | F15: =_xlfn.XLOOKUP(B15,'April 2025'!B:B,'April 2025'!F:F) -> Office Support | G15: 15400 | H15: 14175.2 | I15: 1201 | J15: 501 | K15: =_xlfn.XLOOKUP(C15,'April 2025'!C:C,'April 2025'!K:K) -> L-10
A16: 15 | B16: 15 | C16: Yashodatt Sharma | D16: On record | E16: Fabric Checker | F16: =_xlfn.XLOOKUP(B16,'April 2025'!B:B,'April 2025'!F:F) -> Manufacturing | G16: 20000 | H16: 18410 | I16: 1560 | J16: 650 | K16: =_xlfn.XLOOKUP(C16,'April 2025'!C:C,'April 2025'!K:K) -> L-9
A17: 16 | B17: 16 | C17: Omprakash Yogi | D17: On record | E17: Checker | F17: =_xlfn.XLOOKUP(B17,'April 2025'!B:B,'April 2025'!F:F) -> Domestic | G17: 14063 | H17: 12775.708 | I17: 1280 | J17: 458 | K17: =_xlfn.XLOOKUP(C17,'April 2025'!C:C,'April 2025'!K:K) -> L-9
A18: 17 | B18: 17 | C18: Naveen Bhaskar | D18: On record | E18: Final Checker | F18: =_xlfn.XLOOKUP(B18,'April 2025'!B:B,'April 2025'!F:F) -> Manufacturing | G18: 17500 | H18: 16108 | I18: 1365 | J18: 569 | K18: =_xlfn.XLOOKUP(C18,'April 2025'!C:C,'April 2025'!K:K) -> L-9
A19: 18 | B19: 18 | C19: Surendra K. Bairwa | D19: On record | E19: Executive | F19: =_xlfn.XLOOKUP(C19,'January 2025'!C:C,'January 2025'!F:F) -> Manufacturing | G19: 17000 | H19: 15648 | I19: 1326 | J19: 553 | K19: L-8
A20: 19 | B20: 19 | C20: Govind Sharma | D20: On record | E20: Checker | F20: =_xlfn.XLOOKUP(B20,'April 2025'!B:B,'April 2025'!F:F) -> Manufacturing | G20: 15300 | H20: 14083.4 | I20: 1193 | J20: 498 | K20: =_xlfn.XLOOKUP(C20,'April 2025'!C:C,'April 2025'!K:K) -> L-9
A21: 20 | B21: 20 | C21: Naresh Kumar Bairwa | D21: On record | E21: Checker | F21: =_xlfn.XLOOKUP(B21,'April 2025'!B:B,'April 2025'!F:F) -> Manufacturing | G21: 14500 | H21: 13173 | I21: 1320 | J21: 472 | K21: =_xlfn.XLOOKUP(C21,'April 2025'!C:C,'April 2025'!K:K) -> L-9
A22: 21 | B22: 21 | C22: Sonu Bairwa | D22: On record | E22: Supervisior | F22: =_xlfn.XLOOKUP(B22,'April 2025'!B:B,'April 2025'!F:F) -> Manufacturing | G22: 22000 | H22: 20416 | I22: 1716 | J22: 0 | K22: =_xlfn.XLOOKUP(C22,'April 2025'!C:C,'April 2025'!K:K) -> L-8
A23: 22 | B23: 22 | C23: Faizal Rangrej | D23: On record | E23: Manager | F23: =_xlfn.XLOOKUP(B23,'April 2025'!B:B,'April 2025'!F:F) -> Domestic | G23: 68200 | H23: 66400 | I23: 1950 | J23: 0 | K23: =_xlfn.XLOOKUP(C23,'April 2025'!C:C,'April 2025'!K:K) -> L-5
A24: 23 | B24: 23 | C24: Anil Kumar | D24: On record | E24: Cutting Master | F24: =_xlfn.XLOOKUP(C24,'January 2025'!C:C,'January 2025'!F:F) -> Manufacturing | G24: 26000 | H24: 24284 | I24: 1859 | J24: 0 | K24: L-9
A25: 24 | B25: 24 | C25: Ravi Kumar Bairwa (Tatawat) | D25: On record | E25: Executive | F25: =_xlfn.XLOOKUP(B25,'April 2025'!B:B,'April 2025'!F:F) -> Domestic | G25: 14000 | H25: 12702.2 | I25: 1292 | J25: 455 | K25: =_xlfn.XLOOKUP(C25,'April 2025'!C:C,'April 2025'!K:K) -> L-8
A26: 25 | B26: 30 | C26: Chandra Shekhar Sharma | D26: On record | E26: Supervisior | F26: =_xlfn.XLOOKUP(C26,'January 2025'!C:C,'January 2025'!F:F) -> Manufacturing | G26: 28000 | H26: 28000 | I26: 0 | J26: 0 | K26: L-8
A27: 26 | B27: 31 | C27: Nupur Pawar | D27: On record | E27: Textile Designer | F27: =_xlfn.XLOOKUP(C27,'January 2025'!C:C,'January 2025'!F:F) -> D2C | G27: 40000 | H27: 40000 | I27: 0 | J27: 0 | K27: L-6
A28: 27 | B28: 27 | C28: Asim Shoyab Khan | D28: On record | E28: Executive | F28: =_xlfn.XLOOKUP(B28,'April 2025'!B:B,'April 2025'!F:F) -> Domestic | G28: 20625 | H28: 18737.44 | I28: 1877 | J28: 671 | K28: =_xlfn.XLOOKUP(C28,'April 2025'!C:C,'April 2025'!K:K) -> L-6
A29: 28 | B29: 33 | C29: Amit Pareek | D29: On record | E29: Manager | F29: =_xlfn.XLOOKUP(B29,'April 2025'!B:B,'April 2025'!F:F) -> D2C | G29: 80000 | H29: 78200 | I29: 1950 | J29: 0 | K29: =_xlfn.XLOOKUP(C29,'April 2025'!C:C,'April 2025'!K:K) -> L-6
A30: 29 | B30: 29 | C30: Peeyush Pareek | D30: On record | E30: Manager | F30: =_xlfn.XLOOKUP(B30,'April 2025'!B:B,'April 2025'!F:F) -> D2C | G30: 79450 | H30: 77650 | I30: 1950 | J30: 0 | K30: =_xlfn.XLOOKUP(C30,'April 2025'!C:C,'April 2025'!K:K) -> L-5
A31: 30 | B31: 19 | C31: Rahul Yogi | D31: On record | E31: Helper | F31: =_xlfn.XLOOKUP(B31,'April 2025'!B:B,'April 2025'!F:F) -> Manufacturing | G31: 11000 | H31: 9837 | I31: 1170 | J31: 358 | K31: =_xlfn.XLOOKUP(C31,'April 2025'!C:C,'April 2025'!K:K) -> L-9
A32: 31 | B32: 31 | C32: Bheema Ram Bairwa | D32: On record | E32: Computer Operator | F32: =_xlfn.XLOOKUP(C32,'January 2025'!C:C,'January 2025'!F:F) -> Manufacturing | G32: 15000 | H32: 13663 | I32: 1326 | J32: 488 | K32: L-7
A33: 32 | B33: 32 | C33: Shaitan Singh | D33: On record | E33: Supervisior | F33: =_xlfn.XLOOKUP(B33,'April 2025'!B:B,'April 2025'!F:F) -> Manufacturing | G33: 25000 | H33: 25000 | I33: 0 | J33: 0 | K33: =_xlfn.XLOOKUP(C33,'April 2025'!C:C,'April 2025'!K:K) -> L-8
A34: 33 | B34: 33 | C34: Chakshita Maheshwari | D34: On record | E34: Graphic Designer | F34: =_xlfn.XLOOKUP(B34,'April 2025'!B:B,'April 2025'!F:F) -> D2C | G34: 31000 | H34: 31000 | I34: 0 | J34: 0 | K34: =_xlfn.XLOOKUP(C34,'April 2025'!C:C,'April 2025'!K:K) -> L-6
A35: 34 | B35: 37 | C35: Yuvraj Singh Sisodiya | D35: On record | E35: Supervisior | F35: =_xlfn.XLOOKUP(B35,'April 2025'!B:B,'April 2025'!F:F) -> Overseas | G35: 18000 | H35: 16353 | I35: 1638 | J35: 585 | K35: =_xlfn.XLOOKUP(C35,'April 2025'!C:C,'April 2025'!K:K) -> L-6
A36: 35 | B36: 35 | C36: Sumer singh Jatav | D36: On record | E36: Press man | F36: =_xlfn.XLOOKUP(C36,'January 2025'!C:C,'January 2025'!F:F) -> Manufacturing | G36: 13500 | H36: 12264 | I36: 1229 | J36: 439 | K36: L-9
A37: 36 | B37: 39 | C37: Ashok Yogi | D37: On record | E37: Checker | F37: =_xlfn.XLOOKUP(B37,'April 2025'!B:B,'April 2025'!F:F) -> Manufacturing | G37: 12500 | H37: 11356 | I37: 1138 | J37: 407 | K37: =_xlfn.XLOOKUP(C37,'April 2025'!C:C,'April 2025'!K:K) -> L-9
A38: 37 | B38: 37 | C38: Karishma Kaityar | D38: On record | E38: Senior Executive | F38: =_xlfn.XLOOKUP(B38,'April 2025'!B:B,'April 2025'!F:F) -> Overseas | G38: 40000 | H38: 40000 | I38: 0 | J38: 0 | K38: =_xlfn.XLOOKUP(C38,'April 2025'!C:C,'April 2025'!K:K) -> L-6
A39: 38 | B39: 38 | C39: Surajmal Prajapati | D39: On record | E39: Human Resource | F39: =_xlfn.XLOOKUP(B39,'April 2025'!B:B,'April 2025'!F:F) -> Admin | G39: 41000 | H39: 41000 | I39: 0 | J39: 0 | K39: =_xlfn.XLOOKUP(C39,'April 2025'!C:C,'April 2025'!K:K) -> L-5
A40: 39 | B40: 39 | C40: Padmawati | D40: On record | E40: Tailor | F40: =_xlfn.XLOOKUP(B40,'April 2025'!B:B,'April 2025'!F:F) -> Manufacturing | G40: 30000 | H40: 30000 | I40: 0 | J40: 0 | K40: =_xlfn.XLOOKUP(C40,'April 2025'!C:C,'April 2025'!K:K) -> L-9
A41: 40 | B41: 40 | C41: Foranti | D41: On record | E41: Tailor | F41: =_xlfn.XLOOKUP(B41,'April 2025'!B:B,'April 2025'!F:F) -> Manufacturing | G41: 30000 | H41: 30000 | I41: 0 | J41: 0 | K41: =_xlfn.XLOOKUP(C41,'April 2025'!C:C,'April 2025'!K:K) -> L-9
A42: 41 | B42: 41 | C42: Sonu Bairwa Tailor | D42: On record | E42: Tailor | F42: =_xlfn.XLOOKUP(B42,'April 2025'!B:B,'April 2025'!F:F) -> Manufacturing | G42: 30000 | H42: 30000 | I42: 0 | J42: 0 | K42: =_xlfn.XLOOKUP(C42,'April 2025'!C:C,'April 2025'!K:K) -> L-9
A43: 42 | B43: 42 | C43: Raji Devi | D43: On record | E43: Tailor | F43: =_xlfn.XLOOKUP(B43,'April 2025'!B:B,'April 2025'!F:F) -> Manufacturing | G43: 30000 | H43: 30000 | I43: 0 | J43: 0 | K43: =_xlfn.XLOOKUP(C43,'April 2025'!C:C,'April 2025'!K:K) -> L-9
A44: 43 | B44: 43 | C44: Laxman | D44: On record | E44: Tailor | F44: =_xlfn.XLOOKUP(B44,'April 2025'!B:B,'April 2025'!F:F) -> Manufacturing | G44: 30000 | H44: 30000 | I44: 0 | J44: 0 | K44: =_xlfn.XLOOKUP(C44,'April 2025'!C:C,'April 2025'!K:K) -> L-9
A45: 44 | B45: 44 | C45: Dilip | D45: On record | E45: Tailor | F45: =_xlfn.XLOOKUP(B45,'April 2025'!B:B,'April 2025'!F:F) -> Manufacturing | G45: 30000 | H45: 30000 | I45: 0 | J45: 0 | K45: =_xlfn.XLOOKUP(C45,'April 2025'!C:C,'April 2025'!K:K) -> L-9
A46: 45 | B46: 49 | C46: Indar Saini | D46: On record | E46: Tailor | F46: =_xlfn.XLOOKUP(B46,'April 2025'!B:B,'April 2025'!F:F) -> Manufacturing | G46: 30000 | H46: 30000 | I46: 0 | J46: 0 | K46: =_xlfn.XLOOKUP(C46,'April 2025'!C:C,'April 2025'!K:K) -> L-9
A47: 46 | B47: 46 | C47: Furqan Hameed | D47: On record | E47: Manager | F47: =_xlfn.XLOOKUP(B47,'April 2025'!B:B,'April 2025'!F:F) -> Overseas | G47: 80000 | H47: 80000 | I47: 0 | J47: 0 | K47: =_xlfn.XLOOKUP(C47,'April 2025'!C:C,'April 2025'!K:K) -> L-5
A48: 47 | B48: 47 | C48: Riddhi Gupta | D48: On record | E48: Customer Relatioship Executive | F48: =_xlfn.XLOOKUP(C48,'[1]March 2025'!$C:$C,'[1]March 2025'!$I:$I,"") -> D2C | G48: 19000 | H48: 18857 | I48: 0 | J48: 618 | K48: L-6
A49: 48 | B49: 48 | C49: Safina Khan | D49: On record | E49: Tailor | F49: =_xlfn.XLOOKUP(B49,'April 2025'!B:B,'April 2025'!F:F) -> Manufacturing | G49: 30000 | H49: 30000 | I49: 0 | J49: 0 | K49: =_xlfn.XLOOKUP(C49,'April 2025'!C:C,'April 2025'!K:K) -> L-9
A50: 49 | B50: 49 | C50: Gulbatti Meena | D50: On record | E50: Tailor | F50: =_xlfn.XLOOKUP(B50,'April 2025'!B:B,'April 2025'!F:F) -> Manufacturing | G50: 30000 | H50: 30000 | I50: 0 | J50: 0 | K50: =_xlfn.XLOOKUP(C50,'April 2025'!C:C,'April 2025'!K:K) -> L-9
A51: 50 | B51: 10001 | C51: Abhishek Bairwa | D51: Console | E51: Helper | F51: =_xlfn.XLOOKUP(C51,'January 2025'!C:C,'January 2025'!F:F) -> Manufacturing | G51: 11000 | H51: 11000 | I51: 0 | J51: 0 | K51: L-10
A52: 51 | B52: 10002 | C52: Manish Kumar Bairwa | D52: Console | E52: Press man | F52: =_xlfn.XLOOKUP(B52,'April 2025'!B:B,'April 2025'!F:F) -> Domestic | G52: 15400 | H52: 15400 | I52: 0 | J52: 0 | K52: =_xlfn.XLOOKUP(C52,'April 2025'!C:C,'April 2025'!K:K) -> L-10
A53: 52 | B53: 18 | C53: Yogendra | D53: Console | E53: Cutting master | F53: =_xlfn.XLOOKUP(C53,'January 2025'!C:C,'January 2025'!F:F) -> Manufacturing | G53: 22000 | H53: 22000 | I53: 0 | J53: 0 | K53: L-9
A54: 53 | B54: 10004 | C54: Ramswaroop | D54: Console | E54: Final Checker | F54: =_xlfn.XLOOKUP(B54,'April 2025'!B:B,'April 2025'!F:F) -> Manufacturing | G54: 17000 | H54: 17000 | I54: 0 | J54: 0 | K54: =_xlfn.XLOOKUP(C54,'April 2025'!C:C,'April 2025'!K:K) -> L-9
A55: 54 | B55: 10005 | C55: Chhaju Lal Saini | D55: Console | E55: Computer Operator | F55: =_xlfn.XLOOKUP(B55,'April 2025'!B:B,'April 2025'!F:F) -> Manufacturing | G55: 16000 | H55: 16000 | I55: 0 | J55: 0 | K55: =_xlfn.XLOOKUP(C55,'April 2025'!C:C,'April 2025'!K:K) -> L-8
A56: 55 | B56: 10006 | C56: Mahendra Gurjer | D56: Console | E56: Cutting Master | F56: =_xlfn.XLOOKUP(B56,'April 2025'!B:B,'April 2025'!F:F) -> Manufacturing | G56: 16000 | H56: 16000 | I56: 0 | J56: 0 | K56: =_xlfn.XLOOKUP(C56,'April 2025'!C:C,'April 2025'!K:K) -> L-9
A57: 56 | B57: 10007 | C57: Jitendra Sharma | D57: Console | E57: Executive | F57: =_xlfn.XLOOKUP(B57,'April 2025'!B:B,'April 2025'!F:F) -> Overseas | G57: 13500 | H57: 13500 | I57: 0 | J57: 0 | K57: =_xlfn.XLOOKUP(C57,'April 2025'!C:C,'April 2025'!K:K) -> L-8
A58: 57 | B58: 10008 | C58: Santara | D58: Console | E58: SWEEPER | F58: =_xlfn.XLOOKUP(B58,'April 2025'!B:B,'April 2025'!F:F) -> Domestic | G58: 10000 | H58: 10000 | I58: 0 | J58: 0 | K58: =_xlfn.XLOOKUP(C58,'April 2025'!C:C,'April 2025'!K:K) -> L-10
A59: 58 | B59: 10009 | C59: Rohitash Kumar | D59: Console | E59: Helper | F59: =_xlfn.XLOOKUP(B59,'April 2025'!B:B,'April 2025'!F:F) -> Manufacturing | G59: 11500 | H59: 11500 | I59: 0 | J59: 0 | K59: =_xlfn.XLOOKUP(C59,'April 2025'!C:C,'April 2025'!K:K) -> L-10
A60: 59 | B60: 10010 | C60: Karan Mehara | D60: Console | E60: Checker | F60: =_xlfn.XLOOKUP(C60,'January 2025'!C:C,'January 2025'!F:F) -> Manufacturing | G60: 14500 | H60: 14500 | I60: 0 | J60: 0 | K60: L-9
A61: 60 | B61: 10011 | C61: Subash Bairwa | D61: Console | E61: Computer Operator | F61: =_xlfn.XLOOKUP(C61,'January 2025'!C:C,'January 2025'!F:F) -> Manufacturing | G61: 13500 | H61: 13500 | I61: 0 | J61: 0 | K61: L-7
A62: 61 | B62: 10012 | C62: Ramavtar sharma | D62: Security Contractor | E62: Guard | F62: =_xlfn.XLOOKUP(B62,'April 2025'!B:B,'April 2025'!F:F) -> Manufacturing | G62: 14000 | H62: 14000 | I62: 0 | J62: 0 | K62: =_xlfn.XLOOKUP(C62,'April 2025'!C:C,'April 2025'!K:K) -> L-10
A63: 62 | B63: 10013 | C63: Jitendra Bairwa | D63: Console | E63: Executive | F63: =_xlfn.XLOOKUP(B63,'April 2025'!B:B,'April 2025'!F:F) -> Office Support | G63: 13500 | H63: 13500 | I63: 0 | J63: 0 | K63: =_xlfn.XLOOKUP(C63,'April 2025'!C:C,'April 2025'!K:K) -> L-8
A64: 63 | B64: 10014 | C64: Vikash Bairwa | D64: Console | E64: Helper | F64: =_xlfn.XLOOKUP(B64,'April 2025'!B:B,'April 2025'!F:F) -> Office Support | G64: 12000 | H64: 12000 | I64: 0 | J64: 0 | K64: =_xlfn.XLOOKUP(C64,'April 2025'!C:C,'April 2025'!K:K) -> L-10
A65: 64 | B65: 10015 | C65: Asharam Bairwa | D65: Console | E65: Checker | F65: =_xlfn.XLOOKUP(B65,'April 2025'!B:B,'April 2025'!F:F) -> Manufacturing | G65: 14000 | H65: 14000 | I65: 0 | J65: 0 | K65: =_xlfn.XLOOKUP(C65,'April 2025'!C:C,'April 2025'!K:K) -> L-9
A66: 65 | B66: 10016 | C66: Manjeet Sain | D66: Console | E66: Executive | F66: =_xlfn.XLOOKUP(B66,'April 2025'!B:B,'April 2025'!F:F) -> Manufacturing | G66: 13500 | H66: 13500 | I66: 0 | J66: 0 | K66: =_xlfn.XLOOKUP(C66,'April 2025'!C:C,'April 2025'!K:K) -> L-8
A67: 66 | B67: 10017 | C67: Mohan lal Bairwa | D67: Console | E67: Helper | F67: =_xlfn.XLOOKUP(B67,'April 2025'!B:B,'April 2025'!F:F) -> Manufacturing | G67: 13000 | H67: 13000 | I67: 0 | J67: 0 | K67: =_xlfn.XLOOKUP(C67,'April 2025'!C:C,'April 2025'!K:K) -> L-10
A68: 67 | B68: 10018 | C68: Rahul Bairwa | D68: Console | E68: Checker | F68: =_xlfn.XLOOKUP(B68,'April 2025'!B:B,'April 2025'!F:F) -> Manufacturing | G68: 15700 | H68: 15700 | I68: 0 | J68: 0 | K68: =_xlfn.XLOOKUP(C68,'April 2025'!C:C,'April 2025'!K:K) -> L-9
A69: 68 | B69: 129 | C69: Naresh K Bairwa | D69: Console | E69: Press man | F69: =_xlfn.XLOOKUP(C69,'January 2025'!C:C,'January 2025'!F:F) -> Manufacturing | G69: 11500 | H69: 11500 | I69: 0 | J69: 0 | K69: L-9
A70: 69 | B70: 10020 | C70: Raju Lal Bairwa | D70: Console | E70: Checker | F70: =_xlfn.XLOOKUP(B70,'April 2025'!B:B,'April 2025'!F:F) -> Manufacturing | G70: 14500 | H70: 14500 | I70: 0 | J70: 0 | K70: =_xlfn.XLOOKUP(C70,'April 2025'!C:C,'April 2025'!K:K) -> L-9
A71: 70 | B71: 10021 | C71: Kaptaan Singh | D71: Console | E71: Checker | F71: =_xlfn.XLOOKUP(B71,'April 2025'!B:B,'April 2025'!F:F) -> Manufacturing | G71: 13000 | H71: 13000 | I71: 0 | J71: 0 | K71: =_xlfn.XLOOKUP(C71,'April 2025'!C:C,'April 2025'!K:K) -> L-9
A72: 71 | B72: 94 | C72: Vibhav Kulshreshtha | D72: Console | E72: Executive | F72: =_xlfn.XLOOKUP(B72,'April 2025'!B:B,'April 2025'!F:F) -> Admin | G72: 11000 | H72: 11000 | I72: 0 | J72: 0 | K72: =_xlfn.XLOOKUP(C72,'April 2025'!C:C,'April 2025'!K:K) -> L-9
A73: 72 | B73: 95 | C73: Laxman Gothwal | D73: Console | E73: Checker | F73: =_xlfn.XLOOKUP(B73,'April 2025'!B:B,'April 2025'!F:F) -> Manufacturing | G73: 11500 | H73: 11500 | I73: 0 | J73: 0 | K73: L-9
A74: 73 | B74: 10024 | C74: Deshraj Meena | D74: Console | E74: Helper | F74: =_xlfn.XLOOKUP(C74,'January 2025'!C:C,'January 2025'!F:F) -> Domestic | G74: 10500 | H74: 10500 | I74: 0 | J74: 0 | K74: L-10
A75: 74 | B75: 10025 | C75: Chiranji Lal Meena | D75: Console | E75: Helper | F75: =_xlfn.XLOOKUP(C75,'January 2025'!C:C,'January 2025'!F:F) -> Manufacturing | G75: 10000 | H75: 10000 | I75: 0 | J75: 0 | K75: L-10
A76: 75 | B76: 99 | C76: Siyaram | D76: Console | E76: Executive | F76: =_xlfn.XLOOKUP(B76,'April 2025'!B:B,'April 2025'!F:F) -> Manufacturing | G76: 12500 | H76: 12500 | I76: 0 | J76: 0 | K76: =_xlfn.XLOOKUP(C76,'April 2025'!C:C,'April 2025'!K:K) -> L-9
A77: 76 | B77: 10027 | C77: Mahendra Sharma | D77: Console | E77: Senior Executive | F77: =_xlfn.XLOOKUP(B77,'April 2025'!B:B,'April 2025'!F:F) -> Manufacturing | G77: 6500 | H77: 6500 | I77: 0 | J77: 0 | K77: =_xlfn.XLOOKUP(C77,'April 2025'!C:C,'April 2025'!K:K) -> L-7
A78: 77 | B78: 105 | C78: Tara Chand Meena | D78: Console | E78: Executive | F78: =_xlfn.XLOOKUP(B78,'April 2025'!B:B,'April 2025'!F:F) -> Manufacturing | G78: 11500 | H78: 11500 | I78: 0 | J78: 0 | K78: =_xlfn.XLOOKUP(C78,'April 2025'!C:C,'April 2025'!K:K) -> L-5
A79: 78 | B79: 10029 | C79: Manish Yogi | D79: Console | E79: Checker | F79: =_xlfn.XLOOKUP(C79,'January 2025'!C:C,'January 2025'!F:F) -> Manufacturing | G79: 13000 | H79: 13000 | I79: 0 | J79: 0 | K79: L-9
A80: 79 | B80: 114 | C80: Jitendra Kumar Jatav | D80: Console | E80: Press man | F80: =_xlfn.XLOOKUP(B80,'April 2025'!B:B,'April 2025'!F:F) -> Manufacturing | G80: 13500 | H80: 13500 | I80: 0 | J80: 0 | K80: =_xlfn.XLOOKUP(C80,'April 2025'!C:C,'April 2025'!K:K) -> L-9
A81: 80 | B81: 10031 | C81: Golu Bairwa | D81: Console | E81: Helper | F81: =_xlfn.XLOOKUP(C81,'January 2025'!C:C,'January 2025'!F:F) -> Manufacturing | G81: 11500 | H81: 11500 | I81: 0 | J81: 0 | K81: L-10
A82: 81 | B82: 10032 | C82: Ganesh Meena | D82: Console | E82: Helper | F82: =_xlfn.XLOOKUP(C82,'[1]March 2025'!$C:$C,'[1]March 2025'!$I:$I,"") -> Manufacturing | G82: 12500 | H82: 12500 | I82: 0 | J82: 0 | K82: L-10
A83: 82 | B83: 10033 | C83: Jitu Yogi | D83: Console | E83: Helper | F83: =_xlfn.XLOOKUP(C83,'[1]March 2025'!$C:$C,'[1]March 2025'!$I:$I,"") -> Manufacturing | G83: 12500 | H83: 12500 | I83: 0 | J83: 0 | K83: L-10
A84: 83 | B84: 10034 | C84: Dyasankar Rav | D84: Console | E84: Checker | F84: =_xlfn.XLOOKUP(C84,'January 2025'!C:C,'January 2025'!F:F) -> Manufacturing | G84: 15000 | H84: 15000 | I84: 0 | J84: 0 | K84: L-9
A85: 84 | B85: 121 | C85: Rajkumar Mahawar | D85: Console | E85: Checker | F85: =_xlfn.XLOOKUP(C85,'January 2025'!C:C,'January 2025'!F:F) -> Manufacturing | G85: 13000 | H85: 13000 | I85: 0 | J85: 0 | K85: L-9
A86: 85 | B86: 10036 | C86: Surendra Tailor | D86: Console | E86: Checker | F86: =_xlfn.XLOOKUP(B86,'April 2025'!B:B,'April 2025'!F:F) -> Domestic | G86: 13000 | H86: 13000 | I86: 0 | J86: 0 | K86: =_xlfn.XLOOKUP(C86,'April 2025'!C:C,'April 2025'!K:K) -> L-9
A87: 86 | B87: 10037 | C87: Feliram Bairwa | D87: Console | E87: Checker | F87: =_xlfn.XLOOKUP(B87,'April 2025'!B:B,'April 2025'!F:F) -> Manufacturing | G87: 13500 | H87: 13500 | I87: 0 | J87: 0 | K87: =_xlfn.XLOOKUP(C87,'April 2025'!C:C,'April 2025'!K:K) -> L-9
A88: 87 | B88: 126 | C88: Malkhan Khalwal | D88: Console | E88: Helper | F88: =_xlfn.XLOOKUP(C88,'January 2025'!C:C,'January 2025'!F:F) -> Manufacturing | G88: 11000 | H88: 11000 | I88: 0 | J88: 0 | K88: L-10
A89: 88 | B89: 22 | C89: Hajari Lal | D89: Console | E89: Press man | F89: =_xlfn.XLOOKUP(B89,'April 2025'!B:B,'April 2025'!F:F) -> Domestic | G89: 13000 | H89: 13000 | I89: 0 | J89: 0 | K89: =_xlfn.XLOOKUP(C89,'April 2025'!C:C,'April 2025'!K:K) -> L-5
A90: 89 | B90: 10040 | C90: Kirshan Kumar Bairwa | D90: Console | E90: Checker | F90: =_xlfn.XLOOKUP(C90,'January 2025'!C:C,'January 2025'!F:F) -> Manufacturing | G90: 13500 | H90: 13500 | I90: 0 | J90: 0 | K90: L-9
A91: 90 | B91: 10041 | C91: Vikash Kumar | D91: Console | E91: Checker | F91: =_xlfn.XLOOKUP(B91,'April 2025'!B:B,'April 2025'!F:F) -> Manufacturing | G91: 14000 | H91: 14000 | I91: 0 | J91: 0 | K91: =_xlfn.XLOOKUP(C91,'April 2025'!C:C,'April 2025'!K:K) -> L-9
A92: 91 | B92: 10042 | C92: Tikkam Singh | D92: Console | E92: Press man | F92: =_xlfn.XLOOKUP(C92,'January 2025'!C:C,'January 2025'!F:F) -> Manufacturing | G92: 12500 | H92: 12500 | I92: 0 | J92: 0 | K92: L-9
A93: 92 | B93: 10043 | C93: Ehsaan Khan | D93: Console | E93: Checker | F93: =_xlfn.XLOOKUP(B93,'April 2025'!B:B,'April 2025'!F:F) -> Manufacturing | G93: 11500 | H93: 11500 | I93: 0 | J93: 0 | K93: =_xlfn.XLOOKUP(C93,'April 2025'!C:C,'April 2025'!K:K) -> L-9
A94: 93 | B94: 10044 | C94: Vijay Kumar | D94: Console | E94: Checker | F94: =_xlfn.XLOOKUP(C94,'[1]March 2025'!$C:$C,'[1]March 2025'!$I:$I,"") -> Manufacturing | G94: 12500 | H94: 12500 | I94: 0 | J94: 0 | K94: L-9
A95: 94 | B95: 149 | C95: Narendra Kumar Mahawar | D95: Console | E95: Checker | F95: =_xlfn.XLOOKUP(C95,'January 2025'!C:C,'January 2025'!F:F) -> Manufacturing | G95: 12500 | H95: 12500 | I95: 0 | J95: 0 | K95: L-9
A96: 95 | B96: 10046 | C96: Suresh Sharma | D96: Console | E96: Computer Operator | F96: =_xlfn.XLOOKUP(B96,'April 2025'!B:B,'April 2025'!F:F) -> Manufacturing | G96: 16500 | H96: 16500 | I96: 0 | J96: 0 | K96: =_xlfn.XLOOKUP(C96,'April 2025'!C:C,'April 2025'!K:K) -> L-7
A97: 96 | B97: 10047 | C97: Ravi Kumar Raigar | D97: Console | E97: Helper | F97: =_xlfn.XLOOKUP(C97,'January 2025'!C:C,'January 2025'!F:F) -> Manufacturing | G97: 10500 | H97: 10500 | I97: 0 | J97: 0 | K97: L-10
A98: 97 | B98: 10048 | C98: Sakuntala Bairwa | D98: Console | E98: Marking | F98: =_xlfn.XLOOKUP(C98,'January 2025'!C:C,'January 2025'!F:F) -> Manufacturing | G98: 8500 | H98: 8500 | I98: 0 | J98: 0 | K98: L-9
A99: 98 | B99: 10049 | C99: Mithta Lal Bairwa | D99: Console | E99: Helper | F99: =_xlfn.XLOOKUP(B99,'April 2025'!B:B,'April 2025'!F:F) -> Domestic | G99: 13000 | H99: 13000 | I99: 0 | J99: 0 | K99: =_xlfn.XLOOKUP(C99,'April 2025'!C:C,'April 2025'!K:K) -> L-10
A100: 99 | B100: 10050 | C100: Upendra Bairwa | D100: Console | E100: Helper | F100: =_xlfn.XLOOKUP(B100,'April 2025'!B:B,'April 2025'!F:F) -> Admin | G100: 11000 | H100: 11000 | I100: 0 | J100: 0 | K100: =_xlfn.XLOOKUP(C100,'April 2025'!C:C,'April 2025'!K:K) -> L-10
...

Sheet April 2025
A1: Sr. No. | B1: User ID | C1: Emp. Name | D1: Mode | E1: Designation | F1: Department | G1: Gross salary | H1: In Hand Salary | I1: PF Employer | J1: ESI Employer | K1: Level Wise
A2: 1 | B2: 1 | C2: Chanda Ji | D2: On record | E2: Eyelet Marker | F2: =_xlfn.XLOOKUP(B2,'May 2025'!B:B,'June 2025'!F:F) -> Manufacturing | G2: 10300 | H2: 9142 | I2: 1170 | J2: 335 | K2: =_xlfn.XLOOKUP(B2,'May 2025'!B:B,'May 2025'!K:K) -> L-9
A3: 2 | B3: 2 | C3: Surendra Bairwa | D3: On record | E3: Executive | F3: =_xlfn.XLOOKUP(B3,'May 2025'!B:B,'June 2025'!F:F) -> Domestic | G3: 20500 | H3: 18870 | I3: 1599 | J3: 667 | K3: =_xlfn.XLOOKUP(B3,'May 2025'!B:B,'May 2025'!K:K) -> L-8
A4: 3 | B4: 3 | C4: Harkesh Kumar Bairwa | D4: On record | E4: Cutting Master | F4: =_xlfn.XLOOKUP(B4,'May 2025'!B:B,'June 2025'!F:F) -> Manufacturing | G4: 27500 | H4: 27500 | I4: 0 | J4: 0 | K4: =_xlfn.XLOOKUP(B4,'May 2025'!B:B,'May 2025'!K:K) -> L-9
A5: 4 | B5: 4 | C5: Mohd. Shoyeb Rangrej | D5: On record | E5: Executive | F5: =_xlfn.XLOOKUP(B5,'May 2025'!B:B,'June 2025'!F:F) -> Domestic | G5: 20625 | H5: 18737.44 | I5: 1877 | J5: 671 | K5: =_xlfn.XLOOKUP(B5,'May 2025'!B:B,'May 2025'!K:K) -> L-6
A6: 5 | B6: 5 | C6: Rizwan Ali Khan | D6: On record | E6: Executive | F6: =_xlfn.XLOOKUP(B6,'May 2025'!B:B,'June 2025'!F:F) -> Domestic | G6: 41950 | H6: 40150 | I6: 1950 | J6: 0 | K6: =_xlfn.XLOOKUP(B6,'May 2025'!B:B,'May 2025'!K:K) -> L-6
A7: 6 | B7: 6 | C7: Tehseenul Islam Siddque | D7: On record | E7: Merchandiser | F7: =_xlfn.XLOOKUP(B7,'May 2025'!B:B,'June 2025'!F:F) -> Admin | G7: 62500 | H7: 62500 | I7: 0 | J7: 0 | K7: =_xlfn.XLOOKUP(B7,'May 2025'!B:B,'May 2025'!K:K) -> L-5
A8: 7 | B8: 7 | C8: Rajendra Prasad Vijay | D8: On record | E8: Senior Accountant | F8: =_xlfn.XLOOKUP(B8,'May 2025'!B:B,'June 2025'!F:F) -> Admin | G8: 48000 | H8: 48000 | I8: 0 | J8: 0 | K8: =_xlfn.XLOOKUP(B8,'May 2025'!B:B,'May 2025'!K:K) -> L-5
A9: 8 | B9: 8 | C9: Pankaj | D9: On record | E9: Final Checker | F9: =_xlfn.XLOOKUP('April 2025'!C9,'January 2025'!C:C,'January 2025'!F:F) -> Manufacturing | G9: 18225 | H9: 16775.8 | I9: 1422 | J9: 593 | K9: L-9
A10: 9 | B10: 9 | C10: Ravi Panchal | D10: On record | E10: SKU checker | F10: =_xlfn.XLOOKUP(B10,'May 2025'!B:B,'June 2025'!F:F) -> Domestic | G10: 14800 | H10: 13613.8 | I10: 1165 | J10: 481 | K10: =_xlfn.XLOOKUP(B10,'May 2025'!B:B,'May 2025'!K:K) -> L-9
A11: 10 | B11: 10 | C11: Chandrakanta Meher | D11: On record | E11: Executive | F11: =_xlfn.XLOOKUP('April 2025'!C11,'January 2025'!C:C,'January 2025'!F:F) -> Manufacturing | G11: 34300 | H11: 34300 | I11: 0 | J11: 0 | K11: L-8
A12: 11 | B12: 11 | C12: Rupesh Kumar Jha | D12: On record | E12: Jr. Accountant | F12: =_xlfn.XLOOKUP(B12,'May 2025'!B:B,'June 2025'!F:F) -> Admin | G12: 22000 | H12: 20200 | I12: 1950 | J12: 0 | K12: =_xlfn.XLOOKUP(B12,'May 2025'!B:B,'May 2025'!K:K) -> L-6
A13: 12 | B13: 16 | C13: Abhishek Saini | D13: On record | E13: HR Manager | F13: =_xlfn.XLOOKUP(B13,'May 2025'!B:B,'June 2025'!F:F) -> Domestic | G13: 29000 | H13: 29000 | I13: 0 | J13: 0 | K13: =_xlfn.XLOOKUP(B13,'May 2025'!B:B,'May 2025'!K:K) -> L-9
A14: 13 | B14: 13 | C14: Lokesh Sharma | D14: On record | E14: Executive | F14: =_xlfn.XLOOKUP(B14,'May 2025'!B:B,'June 2025'!F:F) -> Domestic | G14: 14500 | H14: 13341 | I14: 1138 | J14: 472 | K14: =_xlfn.XLOOKUP(B14,'May 2025'!B:B,'May 2025'!K:K) -> L-7
A15: 14 | B15: 14 | C15: Rajesh Sharma | D15: On record | E15: Office Boy | F15: =_xlfn.XLOOKUP(B15,'May 2025'!B:B,'June 2025'!F:F) -> Office Support | G15: 15400 | H15: 14175.2 | I15: 1201 | J15: 501 | K15: =_xlfn.XLOOKUP(B15,'May 2025'!B:B,'May 2025'!K:K) -> L-10
A16: 15 | B16: 15 | C16: Yashodatt Sharma | D16: On record | E16: Fabric Checker | F16: =_xlfn.XLOOKUP(B16,'May 2025'!B:B,'June 2025'!F:F) -> Manufacturing | G16: 20000 | H16: 18410 | I16: 1560 | J16: 650 | K16: =_xlfn.XLOOKUP(B16,'May 2025'!B:B,'May 2025'!K:K) -> L-9
A17: 16 | B17: 16 | C17: Omprakash Yogi | D17: On record | E17: Checker | F17: =_xlfn.XLOOKUP(B17,'May 2025'!B:B,'June 2025'!F:F) -> Domestic | G17: 14063 | H17: 12775.708 | I17: 1280 | J17: 458 | K17: =_xlfn.XLOOKUP(B17,'May 2025'!B:B,'May 2025'!K:K) -> L-9
A18: 17 | B18: 17 | C18: Naveen Bhaskar | D18: On record | E18: Final Checker | F18: =_xlfn.XLOOKUP(B18,'May 2025'!B:B,'June 2025'!F:F) -> Manufacturing | G18: 17500 | H18: 16108 | I18: 1365 | J18: 569 | K18: =_xlfn.XLOOKUP(B18,'May 2025'!B:B,'May 2025'!K:K) -> L-9
A19: 18 | B19: 18 | C19: Surendra K. Bairwa | D19: On record | E19: Executive | F19: =_xlfn.XLOOKUP('April 2025'!C19,'January 2025'!C:C,'January 2025'!F:F) -> Manufacturing | G19: 17000 | H19: 15648 | I19: 1326 | J19: 553 | K19: L-8
A20: 19 | B20: 19 | C20: Govind Sharma | D20: On record | E20: Checker | F20: =_xlfn.XLOOKUP(B20,'May 2025'!B:B,'June 2025'!F:F) -> Manufacturing | G20: 15300 | H20: 14083.4 | I20: 1193 | J20: 498 | K20: =_xlfn.XLOOKUP(B20,'May 2025'!B:B,'May 2025'!K:K) -> L-9
A21: 20 | B21: 20 | C21: Naresh Kumar Bairwa | D21: On record | E21: Checker | F21: =_xlfn.XLOOKUP(B21,'May 2025'!B:B,'June 2025'!F:F) -> Manufacturing | G21: 14500 | H21: 13173 | I21: 1320 | J21: 472 | K21: =_xlfn.XLOOKUP(B21,'May 2025'!B:B,'May 2025'!K:K) -> L-9
A22: 21 | B22: 21 | C22: Sonu Bairwa | D22: On record | E22: Supervisior | F22: =_xlfn.XLOOKUP(B22,'May 2025'!B:B,'June 2025'!F:F) -> Manufacturing | G22: 22000 | H22: 20416 | I22: 1716 | J22: 0 | K22: =_xlfn.XLOOKUP(B22,'May 2025'!B:B,'May 2025'!K:K) -> L-8
A23: 22 | B23: 22 | C23: Faizal Rangrej | D23: On record | E23: Manager | F23: =_xlfn.XLOOKUP(B23,'May 2025'!B:B,'June 2025'!F:F) -> Domestic | G23: 68200 | H23: 66400 | I23: 1950 | J23: 0 | K23: =_xlfn.XLOOKUP(B23,'May 2025'!B:B,'May 2025'!K:K) -> L-5
A24: 23 | B24: 23 | C24: Anil Kumar | D24: On record | E24: Cutting Master | F24: =_xlfn.XLOOKUP('April 2025'!C24,'January 2025'!C:C,'January 2025'!F:F) -> Manufacturing | G24: 26000 | H24: 24284 | I24: 1859 | J24: 0 | K24: L-9
A25: 24 | B25: 24 | C25: Ravi Kumar Bairwa (Tatawat) | D25: On record | E25: Executive | F25: =_xlfn.XLOOKUP(B25,'May 2025'!B:B,'June 2025'!F:F) -> Domestic | G25: 14000 | H25: 12702.2 | I25: 1292 | J25: 455 | K25: =_xlfn.XLOOKUP(B25,'May 2025'!B:B,'May 2025'!K:K) -> L-8
A26: 25 | B26: 30 | C26: Chandra Shekhar Sharma | D26: On record | E26: Supervisior | F26: =_xlfn.XLOOKUP('April 2025'!C26,'January 2025'!C:C,'January 2025'!F:F) -> Manufacturing | G26: 28000 | H26: 28000 | I26: 0 | J26: 0 | K26: L-8
A27: 26 | B27: 31 | C27: Nupur Pawar | D27: On record | E27: Textile Designer | F27: =_xlfn.XLOOKUP('April 2025'!C27,'January 2025'!C:C,'January 2025'!F:F) -> D2C | G27: 40000 | H27: 40000 | I27: 0 | J27: 0 | K27: L-6
A28: 27 | B28: 27 | C28: Asim Shoyab Khan | D28: On record | E28: Executive | F28: =_xlfn.XLOOKUP(B28,'May 2025'!B:B,'June 2025'!F:F) -> Domestic | G28: 20625 | H28: 18737.44 | I28: 1877 | J28: 671 | K28: =_xlfn.XLOOKUP(B28,'May 2025'!B:B,'May 2025'!K:K) -> L-6
A29: 28 | B29: 33 | C29: Amit Pareek | D29: On record | E29: Manager | F29: =_xlfn.XLOOKUP(B29,'May 2025'!B:B,'June 2025'!F:F) -> D2C | G29: 80000 | H29: 78200 | I29: 1950 | J29: 0 | K29: =_xlfn.XLOOKUP(B29,'May 2025'!B:B,'May 2025'!K:K) -> L-6
A30: 29 | B30: 29 | C30: Peeyush Pareek | D30: On record | E30: Manager | F30: =_xlfn.XLOOKUP(B30,'May 2025'!B:B,'June 2025'!F:F) -> D2C | G30: 79450 | H30: 77650 | I30: 1950 | J30: 0 | K30: =_xlfn.XLOOKUP(B30,'May 2025'!B:B,'May 2025'!K:K) -> L-5
A31: 30 | B31: 19 | C31: Rahul Yogi | D31: On record | E31: Helper | F31: =_xlfn.XLOOKUP(B31,'May 2025'!B:B,'June 2025'!F:F) -> Manufacturing | G31: 11000 | H31: 9837 | I31: 1170 | J31: 358 | K31: =_xlfn.XLOOKUP(B31,'May 2025'!B:B,'May 2025'!K:K) -> L-9
A32: 31 | B32: 31 | C32: Bheema Ram Bairwa | D32: On record | E32: Computer Operator | F32: =_xlfn.XLOOKUP('April 2025'!C32,'January 2025'!C:C,'January 2025'!F:F) -> Manufacturing | G32: 15000 | H32: 13663 | I32: 1326 | J32: 488 | K32: L-7
A33: 32 | B33: 32 | C33: Shaitan Singh | D33: On record | E33: Supervisior | F33: =_xlfn.XLOOKUP(B33,'May 2025'!B:B,'June 2025'!F:F) -> Manufacturing | G33: 25000 | H33: 25000 | I33: 0 | J33: 0 | K33: =_xlfn.XLOOKUP(B33,'May 2025'!B:B,'May 2025'!K:K) -> L-8
A34: 33 | B34: 33 | C34: Chakshita Maheshwari | D34: On record | E34: Graphic Designer | F34: =_xlfn.XLOOKUP(B34,'May 2025'!B:B,'June 2025'!F:F) -> D2C | G34: 37000 | H34: 37000 | I34: 0 | J34: 0 | K34: =_xlfn.XLOOKUP(B34,'May 2025'!B:B,'May 2025'!K:K) -> L-6
A35: 34 | B35: 37 | C35: Yuvraj Singh Sisodiya | D35: On record | E35: Supervisior | F35: =_xlfn.XLOOKUP(B35,'May 2025'!B:B,'June 2025'!F:F) -> Overseas | G35: 18000 | H35: 16353 | I35: 1638 | J35: 585 | K35: =_xlfn.XLOOKUP(B35,'May 2025'!B:B,'May 2025'!K:K) -> L-6
A36: 35 | B36: 35 | C36: Sumer singh Jatav | D36: On record | E36: Press man | F36: =_xlfn.XLOOKUP('April 2025'!C36,'January 2025'!C:C,'January 2025'!F:F) -> Manufacturing | G36: 13500 | H36: 12264 | I36: 1229 | J36: 439 | K36: L-9
A37: 36 | B37: 39 | C37: Ashok Yogi | D37: On record | E37: Checker | F37: =_xlfn.XLOOKUP(B37,'May 2025'!B:B,'June 2025'!F:F) -> Manufacturing | G37: 12500 | H37: 11356 | I37: 1138 | J37: 407 | K37: =_xlfn.XLOOKUP(B37,'May 2025'!B:B,'May 2025'!K:K) -> L-9
A38: 37 | B38: 37 | C38: Karishma Kaityar | D38: On record | E38: Senior Executive | F38: =_xlfn.XLOOKUP(B38,'May 2025'!B:B,'June 2025'!F:F) -> Overseas | G38: 40000 | H38: 40000 | I38: 0 | J38: 0 | K38: =_xlfn.XLOOKUP(B38,'May 2025'!B:B,'May 2025'!K:K) -> L-6
A39: 38 | B39: 38 | C39: Surajmal Prajapati | D39: On record | E39: Human Resource | F39: =_xlfn.XLOOKUP(B39,'May 2025'!B:B,'June 2025'!F:F) -> Admin | G39: 41000 | H39: 41000 | I39: 0 | J39: 0 | K39: =_xlfn.XLOOKUP(B39,'May 2025'!B:B,'May 2025'!K:K) -> L-5
A40: 39 | B40: 39 | C40: Padmawati | D40: On record | E40: Tailor | F40: =_xlfn.XLOOKUP(B40,'May 2025'!B:B,'June 2025'!F:F) -> Manufacturing | G40: 30000 | H40: 30000 | I40: 0 | J40: 0 | K40: =_xlfn.XLOOKUP(B40,'May 2025'!B:B,'May 2025'!K:K) -> L-9
A41: 40 | B41: 40 | C41: Foranti | D41: On record | E41: Tailor | F41: =_xlfn.XLOOKUP(B41,'May 2025'!B:B,'June 2025'!F:F) -> Manufacturing | G41: 30000 | H41: 30000 | I41: 0 | J41: 0 | K41: =_xlfn.XLOOKUP(B41,'May 2025'!B:B,'May 2025'!K:K) -> L-9
A42: 41 | B42: 41 | C42: Sonu Bairwa Tailor | D42: On record | E42: Tailor | F42: =_xlfn.XLOOKUP(B42,'May 2025'!B:B,'June 2025'!F:F) -> Manufacturing | G42: 30000 | H42: 30000 | I42: 0 | J42: 0 | K42: =_xlfn.XLOOKUP(B42,'May 2025'!B:B,'May 2025'!K:K) -> L-9
A43: 42 | B43: 42 | C43: Raji Devi | D43: On record | E43: Tailor | F43: =_xlfn.XLOOKUP(B43,'May 2025'!B:B,'June 2025'!F:F) -> Manufacturing | G43: 30000 | H43: 30000 | I43: 0 | J43: 0 | K43: =_xlfn.XLOOKUP(B43,'May 2025'!B:B,'May 2025'!K:K) -> L-9
A44: 43 | B44: 43 | C44: Laxman | D44: On record | E44: Tailor | F44: =_xlfn.XLOOKUP(B44,'May 2025'!B:B,'June 2025'!F:F) -> Manufacturing | G44: 30000 | H44: 30000 | I44: 0 | J44: 0 | K44: =_xlfn.XLOOKUP(B44,'May 2025'!B:B,'May 2025'!K:K) -> L-9
A45: 44 | B45: 44 | C45: Dilip | D45: On record | E45: Tailor | F45: =_xlfn.XLOOKUP(B45,'May 2025'!B:B,'June 2025'!F:F) -> Manufacturing | G45: 30000 | H45: 30000 | I45: 0 | J45: 0 | K45: =_xlfn.XLOOKUP(B45,'May 2025'!B:B,'May 2025'!K:K) -> L-9
A46: 45 | B46: 49 | C46: Indar Saini | D46: On record | E46: Tailor | F46: =_xlfn.XLOOKUP(B46,'May 2025'!B:B,'June 2025'!F:F) -> Manufacturing | G46: 30000 | H46: 30000 | I46: 0 | J46: 0 | K46: =_xlfn.XLOOKUP(B46,'May 2025'!B:B,'May 2025'!K:K) -> L-9
A47: 46 | B47: 46 | C47: Furqan Hameed | D47: On record | E47: Manager | F47: =_xlfn.XLOOKUP(B47,'May 2025'!B:B,'June 2025'!F:F) -> Overseas | G47: 80000 | H47: 80000 | I47: 0 | J47: 0 | K47: =_xlfn.XLOOKUP(B47,'May 2025'!B:B,'May 2025'!K:K) -> L-5
A48: 47 | B48: 47 | C48: Riddhi Gupta | D48: On record | E48: Customer Relatioship Executive | F48: =_xlfn.XLOOKUP(C48,'[1]April 2025'!$C:$C,'[1]April 2025'!$I:$I,"") -> D2C | G48: 19000 | H48: 18857 | I48: 0 | J48: 618 | K48: L-6
A49: 48 | B49: 48 | C49: Safina Khan | D49: On record | E49: Tailor | F49: =_xlfn.XLOOKUP(B49,'May 2025'!B:B,'June 2025'!F:F) -> Manufacturing | G49: 30000 | H49: 30000 | I49: 0 | J49: 0 | K49: =_xlfn.XLOOKUP(B49,'May 2025'!B:B,'May 2025'!K:K) -> L-9
A50: 49 | B50: 49 | C50: Gulbatti Meena | D50: On record | E50: Tailor | F50: =_xlfn.XLOOKUP(B50,'May 2025'!B:B,'June 2025'!F:F) -> Manufacturing | G50: 30000 | H50: 30000 | I50: 0 | J50: 0 | K50: =_xlfn.XLOOKUP(B50,'May 2025'!B:B,'May 2025'!K:K) -> L-9
A51: 50 | B51: 10001 | C51: Abhishek Bairwa | D51: Console | E51: Helper | F51: =_xlfn.XLOOKUP('April 2025'!C51,'January 2025'!C:C,'January 2025'!F:F) -> Manufacturing | G51: 11000 | H51: 11000 | I51: 0 | J51: 0 | K51: L-10
A52: 51 | B52: 10002 | C52: Manish Kumar Bairwa | D52: Console | E52: Press man | F52: =_xlfn.XLOOKUP(B52,'May 2025'!B:B,'June 2025'!F:F) -> Domestic | G52: 15400 | H52: 15400 | I52: 0 | J52: 0 | K52: =_xlfn.XLOOKUP(B52,'May 2025'!B:B,'May 2025'!K:K) -> L-10
A53: 52 | B53: 18 | C53: Yogendra | D53: Console | E53: Cutting master | F53: =_xlfn.XLOOKUP('April 2025'!C53,'January 2025'!C:C,'January 2025'!F:F) -> Manufacturing | G53: 22000 | H53: 22000 | I53: 0 | J53: 0 | K53: L-9
A54: 53 | B54: 10004 | C54: Ramswaroop | D54: Console | E54: Final Checker | F54: =_xlfn.XLOOKUP(B54,'May 2025'!B:B,'June 2025'!F:F) -> Manufacturing | G54: 17000 | H54: 17000 | I54: 0 | J54: 0 | K54: =_xlfn.XLOOKUP(B54,'May 2025'!B:B,'May 2025'!K:K) -> L-9
A55: 54 | B55: 10005 | C55: Chhaju Lal Saini | D55: Console | E55: Computer Operator | F55: =_xlfn.XLOOKUP(B55,'May 2025'!B:B,'June 2025'!F:F) -> Manufacturing | G55: 16000 | H55: 16000 | I55: 0 | J55: 0 | K55: =_xlfn.XLOOKUP(B55,'May 2025'!B:B,'May 2025'!K:K) -> L-8
A56: 55 | B56: 10006 | C56: Mahendra Gurjer | D56: Console | E56: Cutting Master | F56: =_xlfn.XLOOKUP(B56,'May 2025'!B:B,'June 2025'!F:F) -> Manufacturing | G56: 16000 | H56: 16000 | I56: 0 | J56: 0 | K56: =_xlfn.XLOOKUP(B56,'May 2025'!B:B,'May 2025'!K:K) -> L-9
A57: 56 | B57: 10007 | C57: Jitendra Sharma | D57: Console | E57: Executive | F57: =_xlfn.XLOOKUP(B57,'May 2025'!B:B,'June 2025'!F:F) -> Overseas | G57: 13500 | H57: 13500 | I57: 0 | J57: 0 | K57: =_xlfn.XLOOKUP(B57,'May 2025'!B:B,'May 2025'!K:K) -> L-8
A58: 57 | B58: 10008 | C58: Santara | D58: Console | E58: SWEEPER | F58: =_xlfn.XLOOKUP(B58,'May 2025'!B:B,'June 2025'!F:F) -> Domestic | G58: 10000 | H58: 10000 | I58: 0 | J58: 0 | K58: =_xlfn.XLOOKUP(B58,'May 2025'!B:B,'May 2025'!K:K) -> L-10
A59: 58 | B59: 10009 | C59: Rohitash Kumar | D59: Console | E59: Helper | F59: =_xlfn.XLOOKUP(B59,'May 2025'!B:B,'June 2025'!F:F) -> Manufacturing | G59: 11500 | H59: 11500 | I59: 0 | J59: 0 | K59: =_xlfn.XLOOKUP(B59,'May 2025'!B:B,'May 2025'!K:K) -> L-10
A60: 59 | B60: 10010 | C60: Karan Mehara | D60: Console | E60: Checker | F60: =_xlfn.XLOOKUP('April 2025'!C60,'January 2025'!C:C,'January 2025'!F:F) -> Manufacturing | G60: 14500 | H60: 14500 | I60: 0 | J60: 0 | K60: L-9
A61: 60 | B61: 10011 | C61: Subash Bairwa | D61: Console | E61: Computer Operator | F61: =_xlfn.XLOOKUP('April 2025'!C61,'January 2025'!C:C,'January 2025'!F:F) -> Manufacturing | G61: 13500 | H61: 13500 | I61: 0 | J61: 0 | K61: L-7
A62: 61 | B62: 10012 | C62: Ramavtar sharma | D62: Security Contractor | E62: Guard | F62: =_xlfn.XLOOKUP(B62,'May 2025'!B:B,'June 2025'!F:F) -> Manufacturing | G62: 14000 | H62: 14000 | I62: 0 | J62: 0 | K62: =_xlfn.XLOOKUP(B62,'May 2025'!B:B,'May 2025'!K:K) -> L-10
A63: 62 | B63: 10013 | C63: Jitendra Bairwa | D63: Console | E63: Executive | F63: =_xlfn.XLOOKUP(B63,'May 2025'!B:B,'June 2025'!F:F) -> Office Support | G63: 13500 | H63: 13500 | I63: 0 | J63: 0 | K63: =_xlfn.XLOOKUP(B63,'May 2025'!B:B,'May 2025'!K:K) -> L-8
A64: 63 | B64: 10014 | C64: Vikash Bairwa | D64: Console | E64: Helper | F64: =_xlfn.XLOOKUP(B64,'May 2025'!B:B,'June 2025'!F:F) -> Office Support | G64: 12000 | H64: 12000 | I64: 0 | J64: 0 | K64: =_xlfn.XLOOKUP(B64,'May 2025'!B:B,'May 2025'!K:K) -> L-10
A65: 64 | B65: 10015 | C65: Asharam Bairwa | D65: Console | E65: Checker | F65: =_xlfn.XLOOKUP(B65,'May 2025'!B:B,'June 2025'!F:F) -> Manufacturing | G65: 14000 | H65: 14000 | I65: 0 | J65: 0 | K65: =_xlfn.XLOOKUP(B65,'May 2025'!B:B,'May 2025'!K:K) -> L-9
A66: 65 | B66: 10016 | C66: Manjeet Sain | D66: Console | E66: Executive | F66: =_xlfn.XLOOKUP(B66,'May 2025'!B:B,'June 2025'!F:F) -> Manufacturing | G66: 13500 | H66: 13500 | I66: 0 | J66: 0 | K66: =_xlfn.XLOOKUP(B66,'May 2025'!B:B,'May 2025'!K:K) -> L-8
A67: 66 | B67: 10017 | C67: Mohan lal Bairwa | D67: Console | E67: Helper | F67: =_xlfn.XLOOKUP(B67,'May 2025'!B:B,'June 2025'!F:F) -> Manufacturing | G67: 13000 | H67: 13000 | I67: 0 | J67: 0 | K67: =_xlfn.XLOOKUP(B67,'May 2025'!B:B,'May 2025'!K:K) -> L-10
A68: 67 | B68: 10018 | C68: Rahul Bairwa | D68: Console | E68: Checker | F68: =_xlfn.XLOOKUP(B68,'May 2025'!B:B,'June 2025'!F:F) -> Manufacturing | G68: 15700 | H68: 15700 | I68: 0 | J68: 0 | K68: =_xlfn.XLOOKUP(B68,'May 2025'!B:B,'May 2025'!K:K) -> L-9
A69: 68 | B69: 129 | C69: Naresh K Bairwa | D69: Console | E69: Press man | F69: =_xlfn.XLOOKUP('April 2025'!C69,'January 2025'!C:C,'January 2025'!F:F) -> Manufacturing | G69: 11500 | H69: 11500 | I69: 0 | J69: 0 | K69: L-9
A70: 69 | B70: 10020 | C70: Raju Lal Bairwa | D70: Console | E70: Checker | F70: =_xlfn.XLOOKUP(B70,'May 2025'!B:B,'June 2025'!F:F) -> Manufacturing | G70: 14500 | H70: 14500 | I70: 0 | J70: 0 | K70: =_xlfn.XLOOKUP(B70,'May 2025'!B:B,'May 2025'!K:K) -> L-9
A71: 70 | B71: 10021 | C71: Kaptaan Singh | D71: Console | E71: Checker | F71: =_xlfn.XLOOKUP(B71,'May 2025'!B:B,'June 2025'!F:F) -> Manufacturing | G71: 13000 | H71: 13000 | I71: 0 | J71: 0 | K71: =_xlfn.XLOOKUP(B71,'May 2025'!B:B,'May 2025'!K:K) -> L-9
A72: 71 | B72: 94 | C72: Vibhav Kulshreshtha | D72: Console | E72: Executive | F72: =_xlfn.XLOOKUP(B72,'May 2025'!B:B,'June 2025'!F:F) -> Admin | G72: 11000 | H72: 11000 | I72: 0 | J72: 0 | K72: =_xlfn.XLOOKUP(B72,'May 2025'!B:B,'May 2025'!K:K) -> L-9
A73: 72 | B73: 95 | C73: Laxman Gothwal | D73: Console | E73: Checker | F73: Manufacturing | G73: 11500 | H73: 11500 | I73: 0 | J73: 0 | K73: L-9
A74: 73 | B74: 10024 | C74: Deshraj Meena | D74: Console | E74: Helper | F74: =_xlfn.XLOOKUP('April 2025'!C74,'January 2025'!C:C,'January 2025'!F:F) -> Domestic | G74: 10500 | H74: 10500 | I74: 0 | J74: 0 | K74: L-10
A75: 74 | B75: 10025 | C75: Chiranji Lal Meena | D75: Console | E75: Helper | F75: =_xlfn.XLOOKUP('April 2025'!C75,'January 2025'!C:C,'January 2025'!F:F) -> Manufacturing | G75: 10000 | H75: 10000 | I75: 0 | J75: 0 | K75: L-10
A76: 75 | B76: 99 | C76: Siyaram | D76: Console | E76: Executive | F76: =_xlfn.XLOOKUP(B76,'May 2025'!B:B,'June 2025'!F:F) -> Manufacturing | G76: 12500 | H76: 12500 | I76: 0 | J76: 0 | K76: =_xlfn.XLOOKUP(B76,'May 2025'!B:B,'May 2025'!K:K) -> L-9
A77: 76 | B77: 10027 | C77: Mahendra Sharma | D77: Console | E77: Senior Executive | F77: =_xlfn.XLOOKUP(B77,'May 2025'!B:B,'June 2025'!F:F) -> Manufacturing | G77: 6500 | H77: 6500 | I77: 0 | J77: 0 | K77: =_xlfn.XLOOKUP(B77,'May 2025'!B:B,'May 2025'!K:K) -> L-7
A78: 77 | B78: 105 | C78: Tara Chand Meena | D78: Console | E78: Executive | F78: =_xlfn.XLOOKUP(B78,'May 2025'!B:B,'June 2025'!F:F) -> Manufacturing | G78: 11500 | H78: 11500 | I78: 0 | J78: 0 | K78: =_xlfn.XLOOKUP(B78,'May 2025'!B:B,'May 2025'!K:K) -> L-5
A79: 78 | B79: 10029 | C79: Manish Yogi | D79: Console | E79: Checker | F79: =_xlfn.XLOOKUP('April 2025'!C79,'January 2025'!C:C,'January 2025'!F:F) -> Manufacturing | G79: 13000 | H79: 13000 | I79: 0 | J79: 0 | K79: L-9
A80: 79 | B80: 114 | C80: Jitendra Kumar Jatav | D80: Console | E80: Press man | F80: =_xlfn.XLOOKUP(B80,'May 2025'!B:B,'June 2025'!F:F) -> Manufacturing | G80: 13500 | H80: 13500 | I80: 0 | J80: 0 | K80: =_xlfn.XLOOKUP(B80,'May 2025'!B:B,'May 2025'!K:K) -> L-9
A81: 80 | B81: 10031 | C81: Golu Bairwa | D81: Console | E81: Helper | F81: =_xlfn.XLOOKUP('April 2025'!C81,'January 2025'!C:C,'January 2025'!F:F) -> Manufacturing | G81: 11500 | H81: 11500 | I81: 0 | J81: 0 | K81: L-10
A82: 81 | B82: 10032 | C82: Ganesh Meena | D82: Console | E82: Helper | F82: =_xlfn.XLOOKUP('April 2025'!C82,'January 2025'!C:C,'January 2025'!F:F) -> Manufacturing | G82: 12500 | H82: 12500 | I82: 0 | J82: 0 | K82: L-10
A83: 82 | B83: 10033 | C83: Jitu Yogi | D83: Console | E83: Helper | F83: =_xlfn.XLOOKUP(C83,'[1]April 2025'!$C:$C,'[1]April 2025'!$I:$I,"") -> Manufacturing | G83: 12500 | H83: 12500 | I83: 0 | J83: 0 | K83: L-10
A84: 83 | B84: 10034 | C84: Dyasankar Rav | D84: Console | E84: Checker | F84: =_xlfn.XLOOKUP('April 2025'!C84,'January 2025'!C:C,'January 2025'!F:F) -> Manufacturing | G84: 15000 | H84: 15000 | I84: 0 | J84: 0 | K84: L-9
A85: 84 | B85: 121 | C85: Rajkumar Mahawar | D85: Console | E85: Checker | F85: =_xlfn.XLOOKUP('April 2025'!C85,'January 2025'!C:C,'January 2025'!F:F) -> Manufacturing | G85: 13000 | H85: 13000 | I85: 0 | J85: 0 | K85: L-9
A86: 85 | B86: 10036 | C86: Surendra Tailor | D86: Console | E86: Checker | F86: =_xlfn.XLOOKUP(B86,'May 2025'!B:B,'June 2025'!F:F) -> Domestic | G86: 13000 | H86: 13000 | I86: 0 | J86: 0 | K86: =_xlfn.XLOOKUP(B86,'May 2025'!B:B,'May 2025'!K:K) -> L-9
A87: 86 | B87: 10037 | C87: Feliram Bairwa | D87: Console | E87: Checker | F87: =_xlfn.XLOOKUP(B87,'May 2025'!B:B,'June 2025'!F:F) -> Manufacturing | G87: 13500 | H87: 13500 | I87: 0 | J87: 0 | K87: =_xlfn.XLOOKUP(B87,'May 2025'!B:B,'May 2025'!K:K) -> L-9
A88: 87 | B88: 126 | C88: Malkhan Khalwal | D88: Console | E88: Helper | F88: =_xlfn.XLOOKUP('April 2025'!C88,'January 2025'!C:C,'January 2025'!F:F) -> Manufacturing | G88: 11000 | H88: 11000 | I88: 0 | J88: 0 | K88: L-10
A89: 88 | B89: 22 | C89: Hajari Lal | D89: Console | E89: Press man | F89: =_xlfn.XLOOKUP(B89,'May 2025'!B:B,'June 2025'!F:F) -> Domestic | G89: 13000 | H89: 13000 | I89: 0 | J89: 0 | K89: =_xlfn.XLOOKUP(B89,'May 2025'!B:B,'May 2025'!K:K) -> L-5
A90: 89 | B90: 10040 | C90: Kirshan Kumar Bairwa | D90: Console | E90: Checker | F90: =_xlfn.XLOOKUP('April 2025'!C90,'January 2025'!C:C,'January 2025'!F:F) -> Manufacturing | G90: 13500 | H90: 13500 | I90: 0 | J90: 0 | K90: L-9
A91: 90 | B91: 10041 | C91: Vikash Kumar | D91: Console | E91: Checker | F91: =_xlfn.XLOOKUP(B91,'May 2025'!B:B,'June 2025'!F:F) -> Manufacturing | G91: 14000 | H91: 14000 | I91: 0 | J91: 0 | K91: =_xlfn.XLOOKUP(B91,'May 2025'!B:B,'May 2025'!K:K) -> L-9
A92: 91 | B92: 10042 | C92: Tikkam Singh | D92: Console | E92: Press man | F92: =_xlfn.XLOOKUP('April 2025'!C92,'January 2025'!C:C,'January 2025'!F:F) -> Manufacturing | G92: 12500 | H92: 12500 | I92: 0 | J92: 0 | K92: L-9
A93: 92 | B93: 10043 | C93: Ehsaan Khan | D93: Console | E93: Checker | F93: =_xlfn.XLOOKUP(B93,'May 2025'!B:B,'June 2025'!F:F) -> Manufacturing | G93: 11500 | H93: 11500 | I93: 0 | J93: 0 | K93: =_xlfn.XLOOKUP(B93,'May 2025'!B:B,'May 2025'!K:K) -> L-9
A94: 93 | B94: 10044 | C94: Vijay Kumar | D94: Console | E94: Checker | F94: =_xlfn.XLOOKUP('April 2025'!C94,'January 2025'!C:C,'January 2025'!F:F) -> Manufacturing | G94: 12500 | H94: 12500 | I94: 0 | J94: 0 | K94: L-9
A95: 94 | B95: 149 | C95: Narendra Kumar Mahawar | D95: Console | E95: Checker | F95: =_xlfn.XLOOKUP('April 2025'!C95,'January 2025'!C:C,'January 2025'!F:F) -> Manufacturing | G95: 12500 | H95: 12500 | I95: 0 | J95: 0 | K95: L-9
A96: 95 | B96: 10046 | C96: Suresh Sharma | D96: Console | E96: Computer Operator | F96: =_xlfn.XLOOKUP(B96,'May 2025'!B:B,'June 2025'!F:F) -> Manufacturing | G96: 16500 | H96: 16500 | I96: 0 | J96: 0 | K96: =_xlfn.XLOOKUP(B96,'May 2025'!B:B,'May 2025'!K:K) -> L-7
A97: 96 | B97: 10047 | C97: Ravi Kumar Raigar | D97: Console | E97: Helper | F97: =_xlfn.XLOOKUP('April 2025'!C97,'January 2025'!C:C,'January 2025'!F:F) -> Manufacturing | G97: 10500 | H97: 10500 | I97: 0 | J97: 0 | K97: L-10
A98: 97 | B98: 10048 | C98: Sakuntala Bairwa | D98: Console | E98: Marking | F98: =_xlfn.XLOOKUP('April 2025'!C98,'January 2025'!C:C,'January 2025'!F:F) -> Manufacturing | G98: 8500 | H98: 8500 | I98: 0 | J98: 0 | K98: L-9
A99: 98 | B99: 10049 | C99: Mithta Lal Bairwa | D99: Console | E99: Helper | F99: =_xlfn.XLOOKUP(B99,'May 2025'!B:B,'June 2025'!F:F) -> Domestic | G99: 13000 | H99: 13000 | I99: 0 | J99: 0 | K99: =_xlfn.XLOOKUP(B99,'May 2025'!B:B,'May 2025'!K:K) -> L-10
A100: 99 | B100: 10050 | C100: Upendra Bairwa | D100: Console | E100: Helper | F100: =_xlfn.XLOOKUP(B100,'May 2025'!B:B,'June 2025'!F:F) -> Admin | G100: 11000 | H100: 11000 | I100: 0 | J100: 0 | K100: =_xlfn.XLOOKUP(B100,'May 2025'!B:B,'May 2025'!K:K) -> L-10
...

Sheet May 2025
A1: Sr. No. | B1: User ID | C1: Emp. Name | D1: Mode | E1: Designation | F1: Department | G1: Gross salary | H1: In Hand Salary | I1: PF Employer | J1: ESI Employer | K1: Level Wise
A2: 1 | B2: 1 | C2: Chanda Ji | D2: On record | E2: Eyelet Marker | F2: =_xlfn.XLOOKUP(B2,'June 2025'!B:B,'June 2025'!F:F) -> Manufacturing | G2: 11000 | H2: 11000 | I2: 858 | J2: 358 | K2: L-9
A3: 2 | B3: 2 | C3: Surendra Bairwa | D3: On record | E3: Executive | F3: =_xlfn.XLOOKUP(B3,'June 2025'!B:B,'June 2025'!F:F) -> Domestic | G3: 20500 | H3: 16202 | I3: 1264 | J3: 527 | K3: =_xlfn.XLOOKUP(B3,'June 2025'!B:B,'June 2025'!K:K) -> L-8
A4: 3 | B4: 3 | C4: Harkesh Kumar Bairwa | D4: On record | E4: Cutting Master | F4: =_xlfn.XLOOKUP(B4,'June 2025'!B:B,'June 2025'!F:F) -> Manufacturing | G4: 27500 | H4: 25726 | I4: 0 | J4: 0 | K4: =_xlfn.XLOOKUP(B4,'June 2025'!B:B,'June 2025'!K:K) -> L-9
A5: 4 | B5: 4 | C5: Mohd. Shoyeb Rangrej | D5: On record | E5: Executive | F5: =_xlfn.XLOOKUP(B5,'June 2025'!B:B,'June 2025'!F:F) -> Domestic | G5: 25781 | H5: 25781 | I5: 1950 | J5: 0 | K5: =_xlfn.XLOOKUP(B5,'June 2025'!B:B,'June 2025'!K:K) -> L-6
A6: 5 | B6: 5 | C6: Rizwan Ali Khan | D6: On record | E6: Executive | F6: =_xlfn.XLOOKUP(B6,'June 2025'!B:B,'June 2025'!F:F) -> Domestic | G6: 41950 | H6: 41950 | I6: 1950 | J6: 0 | K6: =_xlfn.XLOOKUP(B6,'June 2025'!B:B,'June 2025'!K:K) -> L-6
A7: 6 | B7: 6 | C7: Tehseenul Islam Siddque | D7: On record | E7: Merchandiser | F7: =_xlfn.XLOOKUP(B7,'June 2025'!B:B,'June 2025'!F:F) -> Admin | G7: 62500 | H7: 62500 | I7: 0 | J7: 0 | K7: =_xlfn.XLOOKUP(B7,'June 2025'!B:B,'June 2025'!K:K) -> L-5
A8: 7 | B8: 7 | C8: Rajendra Prasad Vijay | D8: On record | E8: Senior Accountant | F8: =_xlfn.XLOOKUP(B8,'June 2025'!B:B,'June 2025'!F:F) -> Admin | G8: 48000 | H8: 48000 | I8: 0 | J8: 0 | K8: =_xlfn.XLOOKUP(B8,'June 2025'!B:B,'June 2025'!K:K) -> L-5
A9: 8 | B9: 9 | C9: Ravi Panchal | D9: On record | E9: SKU checker | F9: =_xlfn.XLOOKUP(B9,'June 2025'!B:B,'June 2025'!F:F) -> Domestic | G9: 14800 | H9: 14323 | I9: 1127 | J9: 466 | K9: =_xlfn.XLOOKUP(B9,'June 2025'!B:B,'June 2025'!K:K) -> L-9
A10: 9 | B10: 11 | C10: Rupesh Kumar Jha | D10: On record | E10: Jr. Accountant | F10: =_xlfn.XLOOKUP(B10,'June 2025'!B:B,'June 2025'!F:F) -> Admin | G10: 22000 | H10: 19161 | I10: 1744 | J10: 0 | K10: =_xlfn.XLOOKUP(B10,'June 2025'!B:B,'June 2025'!K:K) -> L-6
A11: 10 | B11: 13 | C11: Lokesh Sharma | D11: On record | E11: Executive | F11: =_xlfn.XLOOKUP(B11,'June 2025'!B:B,'June 2025'!F:F) -> Domestic | G11: 14500 | H11: 12629 | I11: 991 | J11: 411 | K11: =_xlfn.XLOOKUP(B11,'June 2025'!B:B,'June 2025'!K:K) -> L-7
A12: 11 | B12: 14 | C12: Rajesh Sharma | D12: On record | E12: Office Boy | F12: =_xlfn.XLOOKUP(B12,'June 2025'!B:B,'June 2025'!F:F) -> Office Support | G12: 15400 | H12: 15400 | I12: 1201 | J12: 501 | K12: =_xlfn.XLOOKUP(B12,'June 2025'!B:B,'June 2025'!K:K) -> L-10
A13: 12 | B13: 15 | C13: Yashodatt Sharma | D13: On record | E13: Fabric Checker | F13: =_xlfn.XLOOKUP(B13,'June 2025'!B:B,'June 2025'!F:F) -> Manufacturing | G13: 20000 | H13: 18710 | I13: 1459 | J13: 609 | K13: =_xlfn.XLOOKUP(B13,'June 2025'!B:B,'June 2025'!K:K) -> L-9
A14: 13 | B14: 16 | C14: Omprakash Yogi | D14: On record | E14: Checker | F14: =_xlfn.XLOOKUP(B14,'June 2025'!B:B,'June 2025'!F:F) -> Domestic | G14: 14063 | H14: 6804 | I14: 619 | J14: 222 | K14: =_xlfn.XLOOKUP(B14,'June 2025'!B:B,'June 2025'!K:K) -> L-9
... A37: 36 | B37: 10004 | C37: Ramswaroop | D37: Console | E37: Final Checker | F37: =_xlfn.XLOOKUP(B37,'June 2025'!B:B,'June 2025'!F:F) -> Manufacturing | G37: 17000 | H37: 13710 | I37: 0 | J37: 0 | K37: =_xlfn.XLOOKUP(B37,'June 2025'!B:B,'June 2025'!K:K) -> L-9
A38: 37 | B38: 10005 | C38: Chhaju Lal Saini | D38: Console | E38: Computer Operator | F38: Domestic | G38: 17000 | H38: 12613 | I38: 0 | J38: 0 | K38: L-8
A39: 38 | B39: 10006 | C39: Mahendra Gurjer | D39: Console | E39: Cutting Master | F39: Manufacturing | G39: 16000 | H39: 11355 | I39: 0 | J39: 0 | K39: L-9
A40: 39 | B40: 10007 | C40: Jitendra Sharma | D40: Console | E40: Executive | F40: Domestic | G40: 15000 | H40: 13548 | I40: 0 | J40: 0 | K40: L-8
A41: 40 | B41: 10008 | C41: Santara | D41: Console | E41: SWEEPER | F41: =_xlfn.XLOOKUP(B41,'June 2025'!B:B,'June 2025'!F:F) -> Office Support | G41: 11000 | H41: 11000 | I41: 0 | J41: 0 | K41: =_xlfn.XLOOKUP(B41,'June 2025'!B:B,'June 2025'!K:K) -> L-10
A42: 41 | B42: 10009 | C42: Rohitash Kumar | D42: Console | E42: Helper | F42: Manufacturing | G42: 11500 | H42: 0 | I42: 0 | J42: 0 | K42: L-10
A43: 42 | B43: 10012 | C43: Ramavtar sharma | D43: Security Contractor | E43: Guard | F43: =_xlfn.XLOOKUP(B43,'June 2025'!B:B,'June 2025'!F:F) -> Office Support | G43: 14000 | H43: 0 | I43: 0 | J43: 0 | K43: =_xlfn.XLOOKUP(B43,'June 2025'!B:B,'June 2025'!K:K) -> L-10
A44: 43 | B44: 10013 | C44: Jitendra Bairwa | D44: Console | E44: Executive | F44: Domestic | G44: 13500 | H44: 12629 | I44: 0 | J44: 0 | K44: L-8
A45: 44 | B45: 10014 | C45: Vikash Bairwa | D45: Console | E45: Helper | F45: =_xlfn.XLOOKUP(B45,'June 2025'!B:B,'June 2025'!F:F) -> Manufacturing | G45: 12000 | H45: 10065 | I45: 0 | J45: 0 | K45: =_xlfn.XLOOKUP(B45,'June 2025'!B:B,'June 2025'!K:K) -> L-10
A46: 45 | B46: 10015 | C46: Asharam Bairwa | D46: Console | E46: Checker | F46: =_xlfn.XLOOKUP(B46,'June 2025'!B:B,'June 2025'!F:F) -> Manufacturing | G46: 14000 | H46: 7677 | I46: 0 | J46: 0 | K46: =_xlfn.XLOOKUP(B46,'June 2025'!B:B,'June 2025'!K:K) -> L-9
A47: 46 | B47: 10016 | C47: Manjeet Sain | D47: Console | E47: Executive | F47: Overseas | G47: 13500 | H47: 11758 | I47: 0 | J47: 0 | K47: L-8
A48: 47 | B48: 10017 | C48: Mohan lal Bairwa | D48: Console | E48: Helper | F48: =_xlfn.XLOOKUP(B48,'June 2025'!B:B,'June 2025'!F:F) -> Manufacturing | G48: 13000 | H48: 7548 | I48: 0 | J48: 0 | K48: =_xlfn.XLOOKUP(B48,'June 2025'!B:B,'June 2025'!K:K) -> L-10
A49: 48 | B49: 10018 | C49: Rahul Bairwa | D49: Console | E49: Checker | F49: =_xlfn.XLOOKUP(B49,'June 2025'!B:B,'June 2025'!F:F) -> Manufacturing | G49: 15700 | H49: 14180 | I49: 0 | J49: 0 | K49: =_xlfn.XLOOKUP(B49,'June 2025'!B:B,'June 2025'!K:K) -> L-9
A50: 49 | B50: 10020 | C50: Raju Lal Bairwa | D50: Console | E50: Checker | F50: =_xlfn.XLOOKUP(B50,'June 2025'!B:B,'June 2025'!F:F) -> Manufacturing | G50: 14500 | H50: 12863 | I50: 0 | J50: 0 | K50: =_xlfn.XLOOKUP(B50,'June 2025'!B:B,'June 2025'!K:K) -> L-9
A51: 50 | B51: 10021 | C51: Kaptaan Singh | D51: Console | E51: Checker | F51: =_xlfn.XLOOKUP(B51,'June 2025'!B:B,'June 2025'!F:F) -> Manufacturing | G51: 14200 | H51: 8245 | I51: 0 | J51: 0 | K51: =_xlfn.XLOOKUP(B51,'June 2025'!B:B,'June 2025'!K:K) -> L-9
A52: 51 | B52: 10027 | C52: Mahendra Sharma | D52: Console | E52: Senior Executive | F52: =_xlfn.XLOOKUP(B52,'June 2025'!B:B,'June 2025'!F:F) -> Domestic | G52: 6500 | H52: 5452 | I52: 0 | J52: 0 | K52: =_xlfn.XLOOKUP(B52,'June 2025'!B:B,'June 2025'!K:K) -> L-7
A53: 52 | B53: 10036 | C53: Surendra Tailor | D53: Console | E53: Checker | F53: =_xlfn.XLOOKUP(B53,'June 2025'!B:B,'June 2025'!F:F) -> Manufacturing | G53: 14500 | H53: 14032 | I53: 0 | J53: 0 | K53: =_xlfn.XLOOKUP(B53,'June 2025'!B:B,'June 2025'!K:K) -> L-9
A54: 53 | B54: 10037 | C54: Feliram Bairwa | D54: Console | E54: Checker | F54: =_xlfn.XLOOKUP(B54,'June 2025'!B:B,'June 2025'!F:F) -> Manufacturing | G54: 15000 | H54: 14516 | I54: 0 | J54: 0 | K54: =_xlfn.XLOOKUP(B54,'June 2025'!B:B,'June 2025'!K:K) -> L-9
A55: 54 | B55: 10041 | C55: Vikash Kumar | D55: Console | E55: Checker | F55: =_xlfn.XLOOKUP(B55,'June 2025'!B:B,'June 2025'!F:F) -> Manufacturing | G55: 14000 | H55: 10838 | I55: 0 | J55: 0 | K55: =_xlfn.XLOOKUP(B55,'June 2025'!B:B,'June 2025'!K:K) -> L-9
A56: 55 | B56: 10043 | C56: Ehsaan Khan | D56: Console | E56: Checker | F56: =_xlfn.XLOOKUP(B56,'June 2025'!B:B,'June 2025'!F:F) -> Domestic | G56: 13500 | H56: 8275 | I56: 0 | J56: 0 | K56: =_xlfn.XLOOKUP(B56,'June 2025'!B:B,'June 2025'!K:K) -> L-9
A57: 56 | B57: 10046 | C57: Suresh Sharma | D57: Console | E57: Computer Operator | F57: Domestic | G57: 16500 | H57: 16500 | I57: 0 | J57: 0 | K57: L-7
A58: 57 | B58: 10049 | C58: Mithta Lal Bairwa | D58: Console | E58: Helper | F58: =_xlfn.XLOOKUP(B58,'June 2025'!B:B,'June 2025'!F:F) -> Domestic | G58: 13000 | H58: 7339 | I58: 0 | J58: 0 | K58: =_xlfn.XLOOKUP(B58,'June 2025'!B:B,'June 2025'!K:K) -> L-10
A59: 58 | B59: 10050 | C59: Upendra Bairwa | D59: Console | E59: Helper | F59: Manufacturing | G59: 11000 | H59: 0 | I59: 0 | J59: 0 | K59: L-10
A60: 59 | B60: 10053 | C60: Hanuman Sahay Prajapat | D60: Console | E60: Computer Operator | F60: Manufacturing | G60: 13000 | H60: 9435 | I60: 0 | J60: 0 | K60: L-7
A61: 60 | B61: 10054 | C61: Pawan Prajapat | D61: Console | E61: Computer Operator | F61: Domestic | G61: 14500 | H61: 13798 | I61: 0 | J61: 0 | K61: L-7
A62: 61 | B62: 10055 | C62: Jabid Husen | D62: Console | E62: Helper | F62: =_xlfn.XLOOKUP(B62,'June 2025'!B:B,'June 2025'!F:F) -> Domestic | G62: 11000 | H62: 10290 | I62: 0 | J62: 0 | K62: =_xlfn.XLOOKUP(B62,'June 2025'!B:B,'June 2025'!K:K) -> L-10
A63: 62 | B63: 10057 | C63: Saddam Hussain | D63: Console | E63: Cutting Master | F63: Manufacturing | G63: 22000 | H63: 20580 | I63: 0 | J63: 0 | K63: L-9
A64: 63 | B64: 10061 | C64: Ritu Devi | D64: Console | E64: Eyelet Marker | F64: =_xlfn.XLOOKUP(B64,'June 2025'!B:B,'June 2025'!F:F) -> Manufacturing | G64: 8800 | H64: 7665 | I64: 0 | J64: 0 | K64: =_xlfn.XLOOKUP(B64,'June 2025'!B:B,'June 2025'!K:K) -> L-9
A65: 64 | B65: 10062 | C65: Vinod Kumar Bairwa | D65: Console | E65: Helper | F65: =_xlfn.XLOOKUP(B65,'June 2025'!B:B,'June 2025'!F:F) -> Manufacturing | G65: 10500 | H65: 9484 | I65: 0 | J65: 0 | K65: =_xlfn.XLOOKUP(B65,'June 2025'!B:B,'June 2025'!K:K) -> L-10
A66: 65 | B66: 10063 | C66: Ashutosh Bairwa | D66: Console | E66: Helper | F66: =_xlfn.XLOOKUP(B66,'June 2025'!B:B,'June 2025'!F:F) -> Manufacturing | G66: 11000 | H66: 11000 | I66: 0 | J66: 0 | K66: =_xlfn.XLOOKUP(B66,'June 2025'!B:B,'June 2025'!K:K) -> L-10
A67: 66 | B67: 10064 | C67: Rajkumari Tailor | D67: Console | E67: Checker | F67: =_xlfn.XLOOKUP(B67,'June 2025'!B:B,'June 2025'!F:F) -> Manufacturing | G67: 13500 | H67: 13500 | I67: 0 | J67: 0 | K67: =_xlfn.XLOOKUP(B67,'June 2025'!B:B,'June 2025'!K:K) -> L-9
A68: 67 | B68: 10068 | C68: Sheru Kumar | D68: Console | E68: Helper | F68: =_xlfn.XLOOKUP(B68,'June 2025'!B:B,'June 2025'!F:F) -> Domestic | G68: 13500 | H68: 10234 | I68: 0 | J68: 0 | K68: =_xlfn.XLOOKUP(B68,'June 2025'!B:B,'June 2025'!K:K) -> L-10
A69: 68 | B69: 10069 | C69: Kamlesh Meena | D69: Console | E69: Checker | F69: =_xlfn.XLOOKUP(B69,'June 2025'!B:B,'June 2025'!F:F) -> Manufacturing | G69: 13000 | H69: 12371 | I69: 0 | J69: 0 | K69: =_xlfn.XLOOKUP(B69,'June 2025'!B:B,'June 2025'!K:K) -> L-9
A70: 69 | B70: 10070 | C70: Santosh Devi | D70: Console | E70: Checker | F70: =_xlfn.XLOOKUP(B70,'June 2025'!B:B,'June 2025'!F:F) -> Manufacturing | G70: 13500 | H70: 7838 | I70: 0 | J70: 0 | K70: =_xlfn.XLOOKUP(B70,'June 2025'!B:B,'June 2025'!K:K) -> L-9
A71: 70 | B71: 10074 | C71: Vikash Bairwa | D71: Console | E71: Helper | F71: =_xlfn.XLOOKUP(B71,'June 2025'!B:B,'June 2025'!F:F) -> Manufacturing | G71: 11000 | H71: 3903 | I71: 0 | J71: 0 | K71: =_xlfn.XLOOKUP(B71,'June 2025'!B:B,'June 2025'!K:K) -> L-9
A72: 71 | B72: 10076 | C72: Buddhi Prakash | D72: Console | E72: Press man | F72: =_xlfn.XLOOKUP(B72,'June 2025'!B:B,'June 2025'!F:F) -> Manufacturing | G72: 12500 | H72: 11290 | I72: 0 | J72: 0 | K72: =_xlfn.XLOOKUP(B72,'June 2025'!B:B,'June 2025'!K:K) -> L-9
A73: 72 | B73: 10078 | C73: Tulsi Ram Meena | D73: Console | E73: Cutting Master | F73: Manufacturing | G73: 19000 | H73: 17774 | I73: 0 | J73: 0 | K73: L-9
A74: 73 | B74: 50 | C74: Ajay Singh Tiwari | D74: On record | E74: Executive | F74: =_xlfn.XLOOKUP(B74,'June 2025'!B:B,'June 2025'!F:F) -> Domestic | G74: 30000 | H74: 30000 | I74: 0 | J74: 0 | K74: =_xlfn.XLOOKUP(B74,'June 2025'!B:B,'June 2025'!K:K) -> L-6
A75: 74 | B75: 10092 | C75: Abhishek Choudhary | D75: Console | E75: Supervisior | F75: Manufacturing | G75: 17000 | H75: 17000 | I75: 0 | J75: 0 | K75: L-8
A76: 75 | B76: 10093 | C76: Mahendra Yogi | D76: Console | E76: Computer Operator | F76: Domestic | G76: 12500 | H76: 6048 | I76: 0 | J76: 0 | K76: L-7
A77: 76 | B77: 10096 | C77: Ramprasad Meena | D77: Console | E77: Press man | F77: =_xlfn.XLOOKUP(B77,'June 2025'!B:B,'June 2025'!F:F) -> Manufacturing | G77: 13000 | H77: 12580 | I77: 0 | J77: 0 | K77: =_xlfn.XLOOKUP(B77,'June 2025'!B:B,'June 2025'!K:K) -> L-9
A78: 77 | B78: 10097 | C78: Binni Kumar Bairwa | D78: Console | E78: Helper | F78: Manufacturing | G78: 12000 | H78: 3871 | I78: 0 | J78: 0 | K78: L-10
A79: 78 | B79: 10099 | C79: Rati Ram Mali | D79: Console | E79: Helper | F79: =_xlfn.XLOOKUP(B79,'June 2025'!B:B,'June 2025'!F:F) -> Domestic | G79: 11000 | H79: 9580 | I79: 0 | J79: 0 | K79: =_xlfn.XLOOKUP(B79,'June 2025'!B:B,'June 2025'!K:K) -> L-10
A80: 79 | B80: 10101 | C80: Mamta Meena | D80: Console | E80: Checker | F80: =_xlfn.XLOOKUP(B80,'June 2025'!B:B,'June 2025'!F:F) -> Manufacturing | G80: 11500 | H80: 7975 | I80: 0 | J80: 0 | K80: =_xlfn.XLOOKUP(B80,'June 2025'!B:B,'June 2025'!K:K) -> L-9
A81: 80 | B81: 54 | C81: Mamta Saini | D81: On record | E81: Tailor | F81: =_xlfn.XLOOKUP(B81,'June 2025'!B:B,'June 2025'!F:F) -> Manufacturing | G81: 30000 | H81: 16109 | I81: 0 | J81: 0 | K81: =_xlfn.XLOOKUP(B81,'June 2025'!B:B,'June 2025'!K:K) -> L-9
A82: 81 | B82: 55 | C82: Mamta Sain | D82: On record | E82: Tailor | F82: =_xlfn.XLOOKUP(B82,'June 2025'!B:B,'June 2025'!F:F) -> Manufacturing | G82: 30000 | H82: 14135 | I82: 0 | J82: 0 | K82: =_xlfn.XLOOKUP(B82,'June 2025'!B:B,'June 2025'!K:K) -> L-9
A83: 82 | B83: 56 | C83: Shayari Saini | D83: On record | E83: Tailor | F83: =_xlfn.XLOOKUP(B83,'June 2025'!B:B,'June 2025'!F:F) -> Manufacturing | G83: 30000 | H83: 20609 | I83: 1950 | J83: 0 | K83: =_xlfn.XLOOKUP(B83,'June 2025'!B:B,'June 2025'!K:K) -> L-9
A84: 83 | B84: 57 | C84: Jatin Arora | D84: On record | E84: Manager | F84: =_xlfn.XLOOKUP(B84,'June 2025'!B:B,'June 2025'!F:F) -> Overseas | G84: 48600 | H84: 30571 | I84: 0 | J84: 0 | K84: =_xlfn.XLOOKUP(B84,'June 2025'!B:B,'June 2025'!K:K) -> L-6
A85: 84 | B85: 10103 | C85: Priyanka Meena | D85: Console | E85: Checker | F85: =_xlfn.XLOOKUP(B85,'June 2025'!B:B,'June 2025'!F:F) -> Manufacturing | G85: 12500 | H85: 9677 | I85: 0 | J85: 0 | K85: =_xlfn.XLOOKUP(B85,'June 2025'!B:B,'June 2025'!K:K) -> L-9
A86: 85 | B86: 10104 | C86: Rinku Kumar Meena | D86: Console | E86: Checker | F86: =_xlfn.XLOOKUP(B86,'June 2025'!B:B,'June 2025'!F:F) -> Manufacturing | G86: 13500 | H86: 12193 | I86: 0 | J86: 0 | K86: =_xlfn.XLOOKUP(B86,'June 2025'!B:B,'June 2025'!K:K) -> L-9
A87: 86 | B87: 10107 | C87: Hari Charan Meena | D87: Console | E87: Cutting Master | F87: Manufacturing | G87: 13000 | H87: 11323 | I87: 0 | J87: 0 | K87: L-9
A88: 87 | B88: 10109 | C88: Babali | D88: Console | E88: Checker | F88: =_xlfn.XLOOKUP(B88,'June 2025'!B:B,'June 2025'!F:F) -> Manufacturing | G88: 11500 | H88: 11500 | I88: 0 | J88: 0 | K88: =_xlfn.XLOOKUP(B88,'June 2025'!B:B,'June 2025'!K:K) -> L-9
A89: 88 | B89: 10110 | C89: Raghunandan Meena | D89: Console | E89: Press man | F89: =_xlfn.XLOOKUP(B89,'June 2025'!B:B,'June 2025'!F:F) -> Manufacturing | G89: 11500 | H89: 9460 | I89: 0 | J89: 0 | K89: =_xlfn.XLOOKUP(B89,'June 2025'!B:B,'June 2025'!K:K) -> L-9
A90: 89 | B90: 10111 | C90: Hansraj Meena | D90: Console | E90: Press man | F90: =_xlfn.XLOOKUP(B90,'June 2025'!B:B,'June 2025'!F:F) -> Manufacturing | G90: 12500 | H90: 7662 | I90: 0 | J90: 0 | K90: =_xlfn.XLOOKUP(B90,'June 2025'!B:B,'June 2025'!K:K) -> L-9
A91: 90 | B91: 10112 | C91: Rosanti Bai Meena | D91: Console | E91: Checker | F91: =_xlfn.XLOOKUP(B91,'June 2025'!B:B,'June 2025'!F:F) -> Manufacturing | G91: 11000 | H91: 11000 | I91: 0 | J91: 0 | K91: =_xlfn.XLOOKUP(B91,'June 2025'!B:B,'June 2025'!K:K) -> L-9
A92: 91 | B92: 10114 | C92: Siyaram Gocher | D92: Console | E92: Executive | F92: Manufacturing | G92: 14800 | H92: 12890 | I92: 0 | J92: 0 | K92: L-8
A93: 92 | B93: 59 | C93: Krishan Kumar Katoda | D93: On record | E93: Manager | F93: =_xlfn.XLOOKUP(B93,'June 2025'!B:B,'June 2025'!F:F) -> Manufacturing | G93: 50000 | H93: 48387 | I93: 0 | J93: 0 | K93: =_xlfn.XLOOKUP(B93,'June 2025'!B:B,'June 2025'!K:K) -> L-5
A94: 93 | B94: 10115 | C94: Sita Meena | D94: Console | E94: Checker | F94: =_xlfn.XLOOKUP(B94,'June 2025'!B:B,'June 2025'!F:F) -> Manufacturing | G94: 12500 | H94: 10685 | I94: 0 | J94: 0 | K94: =_xlfn.XLOOKUP(B94,'June 2025'!B:B,'June 2025'!K:K) -> L-9
A95: 94 | B95: 10117 | C95: Manju Meena | D95: Console | E95: Checker | F95: =_xlfn.XLOOKUP(B95,'June 2025'!B:B,'June 2025'!F:F) -> Manufacturing | G95: 11500 | H95: 4452 | I95: 0 | J95: 0 | K95: =_xlfn.XLOOKUP(B95,'June 2025'!B:B,'June 2025'!K:K) -> L-9
A96: 95 | B96: 10121 | C96: Vishal | D96: Console | E96: Helper | F96: =_xlfn.XLOOKUP(B96,'June 2025'!B:B,'June 2025'!F:F) -> Domestic | G96: 11500 | H96: 10758 | I96: 0 | J96: 0 | K96: =_xlfn.XLOOKUP(B96,'June 2025'!B:B,'June 2025'!K:K) -> L-10
A97: 96 | B97: 10123 | C97: Vikash | D97: Console | E97: Helper | F97: =_xlfn.XLOOKUP(B97,'June 2025'!B:B,'June 2025'!F:F) -> Manufacturing | G97: 12000 | H97: 8129 | I97: 0 | J97: 0 | K97: =_xlfn.XLOOKUP(B97,'June 2025'!B:B,'June 2025'!K:K) -> L-9
A98: 97 | B98: 10124 | C98: Daya Ram | D98: Console | E98: Checker | F98: =_xlfn.XLOOKUP(B98,'June 2025'!B:B,'June 2025'!F:F) -> Manufacturing | G98: 14000 | H98: 12193 | I98: 0 | J98: 0 | K98: =_xlfn.XLOOKUP(B98,'June 2025'!B:B,'June 2025'!K:K) -> L-9
A99: 98 | B99: 10125 | C99: Harkesh | D99: Console | E99: Helper | F99: =_xlfn.XLOOKUP(B99,'June 2025'!B:B,'June 2025'!F:F) -> Overseas | G99: 14500 | H99: 12863 | I99: 0 | J99: 0 | K99: =_xlfn.XLOOKUP(B99,'June 2025'!B:B,'June 2025'!K:K) -> L-10
A100: 99 | B100: 10127 | C100: Narottam Sharma | D100: Console | E100: Checker | F100: =_xlfn.XLOOKUP(B100,'June 2025'!B:B,'June 2025'!F:F) -> Manufacturing | G100: 14000 | H100: 13548 | I100: 0 | J100: 0 | K100: =_xlfn.XLOOKUP(B100,'June 2025'!B:B,'June 2025'!K:K) -> L-9
A101: 100 | B101: 10128 | C101: Nand Kishor | D101: Console | E101: Checker | F101: =_xlfn.XLOOKUP(B101,'June 2025'!B:B,'June 2025'!F:F) -> Manufacturing | G101: 14000 | H101: 9935 | I101: 0 | J101: 0 | K101: =_xlfn.XLOOKUP(B101,'June 2025'!B:B,'June 2025'!K:K) -> L-9
A102: 101 | B102: 10130 | C102: Bharat Shakya | D102: Console | E102: Checker | F102: =_xlfn.XLOOKUP(B102,'June 2025'!B:B,'June 2025'!F:F) -> Manufacturing | G102: 13000 | H102: 11323 | I102: 0 | J102: 0 | K102: =_xlfn.XLOOKUP(B102,'June 2025'!B:B,'June 2025'!K:K) -> L-9
A103: 102 | B103: 10131 | C103: Daya Shankar Bairwa | D103: Console | E103: Helper | F103: =_xlfn.XLOOKUP(B103,'June 2025'!B:B,'June 2025'!F:F) -> Domestic | G103: 11000 | H103: 9225 | I103: 0 | J103: 0 | K103: =_xlfn.XLOOKUP(B103,'June 2025'!B:B,'June 2025'!K:K) -> L-10
A104: 103 | B104: 10132 | C104: Priyanka Sain | D104: Console | E104: Checker | F104: =_xlfn.XLOOKUP(B104,'June 2025'!B:B,'June 2025'!F:F) -> Manufacturing | G104: 13000 | H104: 10903 | I104: 0 | J104: 0 | K104: =_xlfn.XLOOKUP(B104,'June 2025'!B:B,'June 2025'!K:K) -> L-9
... A111: 110 | B111: 10146 | C111: Surendra Thakur | D111: Console | E111: Press man | F111: =_xlfn.XLOOKUP(B111,'June 2025'!B:B,'June 2025'!F:F) -> Manufacturing | G111: 13000 | H111: 12580 | I111: 0 | J111: 0 | K111: =_xlfn.XLOOKUP(B111,'June 2025'!B:B,'June 2025'!K:K) -> L-9
A112: 111 | B112: 10148 | C112: Pooran Saini | D112: Console | E112: Computer Operator | F112: Domestic | G112: 13000 | H112: 12371 | I112: 0 | J112: 0 | K112: L-7
A113: 112 | B113: 10151 | C113: Shimla Devi | D113: Console | E113: Checker | F113: =_xlfn.XLOOKUP(B113,'June 2025'!B:B,'June 2025'!F:F) -> Manufacturing | G113: 12000 | H113: 9290 | I113: 0 | J113: 0 | K113: =_xlfn.XLOOKUP(B113,'June 2025'!B:B,'June 2025'!K:K) -> L-9
A114: 113 | B114: 10152 | C114: Raj Karnta | D114: Console | E114: Checker | F114: =_xlfn.XLOOKUP(B114,'June 2025'!B:B,'June 2025'!F:F) -> Manufacturing | G114: 12000 | H114: 6580 | I114: 0 | J114: 0 | K114: =_xlfn.XLOOKUP(B114,'June 2025'!B:B,'June 2025'!K:K) -> L-9
A115: 114 | B115: 10153 | C115: Sitaram Mali | D115: Console | E115: Helper | F115: =_xlfn.XLOOKUP(B115,'June 2025'!B:B,'June 2025'!F:F) -> Manufacturing | G115: 14000 | H115: 13323 | I115: 0 | J115: 0 | K115: =_xlfn.XLOOKUP(B115,'June 2025'!B:B,'June 2025'!K:K) -> L-10
A116: 115 | B116: 62 | C116: Kavita Bai | D116: On record | E116: Tailor | F116: =_xlfn.XLOOKUP(B116,'June 2025'!B:B,'June 2025'!F:F) -> Manufacturing | G116: 30000 | H116: 16846 | I116: 1950 | J116: 0 | K116: =_xlfn.XLOOKUP(B116,'June 2025'!B:B,'June 2025'!K:K) -> L-9
A117: 116 | B117: 63 | C117: Mukesh Bhawarlal Deora | D117: On record | E117: Vendor Relationship Manager | F117: =_xlfn.XLOOKUP(B117,'June 2025'!B:B,'June 2025'!F:F) -> Admin | G117: 43000 | H117: 36065 | I117: 0 | J117: 84 | K117: =_xlfn.XLOOKUP(B117,'June 2025'!B:B,'June 2025'!K:K) -> L-5
A118: 117 | B118: 64 | C118: Sahil Gurnani | D118: On record | E118: Intern | F118: =_xlfn.XLOOKUP(B118,'June 2025'!B:B,'June 2025'!F:F) -> Admin | G118: 5000 | H118: 2580 | I118: 0 | J118: 0 | K118: =_xlfn.XLOOKUP(B118,'June 2025'!B:B,'June 2025'!K:K) -> L-7
A119: 118 | B119: 10157 | C119: Rakhi Sharma | D119: Console | E119: Checker | F119: Manufacturing | G119: 11500 | H119: 1855 | I119: 0 | J119: 0 | K119: L-9
A120: 119 | B120: 10158 | C120: Vinod Kumar | D120: Console | E120: Quality Controller | F120: =_xlfn.XLOOKUP(B120,'June 2025'!B:B,'June 2025'!F:F) -> Manufacturing | G120: 25000 | H120: 25000 | I120: 0 | J120: 0 | K120: =_xlfn.XLOOKUP(B120,'June 2025'!B:B,'June 2025'!K:K) -> L-9
A121: 120 | B121: 10160 | C121: Ashma Begam | D121: Console | E121: Checker | F121: =_xlfn.XLOOKUP(B121,'June 2025'!B:B,'June 2025'!F:F) -> Manufacturing | G121: 13000 | H121: 13000 | I121: 0 | J121: 0 | K121: =_xlfn.XLOOKUP(B121,'June 2025'!B:B,'June 2025'!K:K) -> L-9
A122: 121 | B122: 10162 | C122: Kamlesh Meena | D122: Console | E122: Checker | F122: =_xlfn.XLOOKUP(B122,'June 2025'!B:B,'June 2025'!F:F) -> Manufacturing | G122: 13500 | H122: 6097 | I122: 0 | J122: 0 | K122: =_xlfn.XLOOKUP(B122,'June 2025'!B:B,'June 2025'!K:K) -> L-9
A123: 122 | B123: 10163 | C123: Pinki Meena | D123: Console | E123: Checker | F123: =_xlfn.XLOOKUP(B123,'June 2025'!B:B,'June 2025'!F:F) -> Manufacturing | G123: 12500 | H123: 5242 | I123: 0 | J123: 0 | K123: =_xlfn.XLOOKUP(B123,'June 2025'!B:B,'June 2025'!K:K) -> L-9
A124: 123 | B124: 10164 | C124: Govind Sharma | D124: Console | E124: Checker | F124: Manufacturing | G124: 11000 | H124: 6387 | I124: 0 | J124: 0 | K124: L-9
A125: 124 | B125: 10165 | C125: Ram Khiladi | D125: Console | E125: Helper | F125: Manufacturing | G125: 11000 | H125: 7097 | I125: 0 | J125: 0 | K125: L-10
A126: 125 | B126: 10166 | C126: Vishnu Puri | D126: Console | E126: Checker | F126: =_xlfn.XLOOKUP(B126,'June 2025'!B:B,'June 2025'!F:F) -> Manufacturing | G126: 11000 | H126: 9225 | I126: 0 | J126: 0 | K126: =_xlfn.XLOOKUP(B126,'June 2025'!B:B,'June 2025'!K:K) -> L-9
A127: 126 | B127: 65 | C127: Sunita (Meena) | D127: On record | E127: Tailor | F127: =_xlfn.XLOOKUP(B127,'June 2025'!B:B,'June 2025'!F:F) -> Manufacturing | G127: 30000 | H127: 32776 | I127: 0 | J127: 0 | K127: =_xlfn.XLOOKUP(B127,'June 2025'!B:B,'June 2025'!K:K) -> L-9
A128: 127 | B128: 66 | C128: Sohan Lal | D128: On record | E128: Tailor | F128: =_xlfn.XLOOKUP(B128,'June 2025'!B:B,'June 2025'!F:F) -> Manufacturing | G128: 30000 | H128: 34798 | I128: 0 | J128: 0 | K128: =_xlfn.XLOOKUP(B128,'June 2025'!B:B,'June 2025'!K:K) -> L-9
...

Sheet June 2025
A1: Sr. No. | B1: User ID | C1: Emp. Name | D1: Mode | E1: Designation | F1: Department | G1: Gross salary | H1: In Hand Salary | I1: PF Employer | J1: ESI Employer | K1: Level Wise
A2: 1 | B2: 1 | C2: Chanda Ji | D2: On record | E2: Eyelet Marker | F2: =_xlfn.XLOOKUP(B2,'July 2025'!B:B,'July 2025'!F:F) -> Manufacturing | G2: 11000 | H2: 0 | I2: 0 | J2: 0 | K2: =_xlfn.XLOOKUP(B2,'July 2025'!B:B,'July 2025'!K:K) -> L-9
A3: 2 | B3: 2 | C3: Surendra Bairwa | D3: On record | E3: Executive | F3: =_xlfn.XLOOKUP(B3,'July 2025'!B:B,'July 2025'!F:F) -> Domestic | G3: 20500 | H3: 17425 | I3: 1359 | J3: 567 | K3: =_xlfn.XLOOKUP(B3,'July 2025'!B:B,'July 2025'!K:K) -> L-8
A4: 3 | B4: 3 | C4: Harkesh Kumar Bairwa | D4: On record | E4: Cutting Master | F4: =_xlfn.XLOOKUP(B4,'July 2025'!B:B,'July 2025'!F:F) -> Manufacturing | G4: 27500 | H4: 24751 | I4: 0 | J4: 0 | K4: =_xlfn.XLOOKUP(B4,'July 2025'!B:B,'July 2025'!K:K) -> L-9
A5: 4 | B5: 4 | C5: Mohd. Shoyeb Rangrej | D5: On record | E5: Executive | F5: =_xlfn.XLOOKUP(B5,'July 2025'!B:B,'July 2025'!F:F) -> Domestic | G5: 25781 | H5: 25781 | I5: 1950 | J5: 0 | K5: =_xlfn.XLOOKUP(B5,'July 2025'!B:B,'July 2025'!K:K) -> L-6
A6: 5 | B6: 5 | C6: Rizwan Ali Khan | D6: On record | E6: Executive | F6: =_xlfn.XLOOKUP(B6,'July 2025'!B:B,'July 2025'!F:F) -> Domestic | G6: 41950 | H6: 41950 | I6: 1950 | J6: 0 | K6: =_xlfn.XLOOKUP(B6,'July 2025'!B:B,'July 2025'!K:K) -> L-6
A7: 6 | B7: 6 | C7: Tehseenul Islam Siddque | D7: On record | E7: Merchandiser | F7: =_xlfn.XLOOKUP(B7,'July 2025'!B:B,'July 2025'!F:F) -> Admin | G7: 62500 | H7: 62500 | I7: 0 | J7: 0 | K7: =_xlfn.XLOOKUP(B7,'July 2025'!B:B,'July 2025'!K:K) -> L-5
A8: 7 | B8: 7 | C8: Rajendra Prasad Vijay | D8: On record | E8: Senior Accountant | F8: =_xlfn.XLOOKUP(B8,'July 2025'!B:B,'July 2025'!F:F) -> Admin | G8: 48000 | H8: 48000 | I8: 0 | J8: 0 | K8: =_xlfn.XLOOKUP(B8,'July 2025'!B:B,'July 2025'!K:K) -> L-5
A9: 8 | B9: 9 | C9: Ravi Panchal | D9: On record | E9: SKU checker | F9: =_xlfn.XLOOKUP(B9,'July 2025'!B:B,'July 2025'!F:F) -> Domestic | G9: 16300 | H9: 13040 | I9: 1017 | J9: 424 | K9: =_xlfn.XLOOKUP(B9,'July 2025'!B:B,'July 2025'!K:K) -> L-9
A10: 9 | B10: 11 | C10: Rupesh Kumar Jha | D10: On record | E10: Jr. Accountant | F10: =_xlfn.XLOOKUP(B10,'July 2025'!B:B,'July 2025'!F:F) -> Admin | G10: 22000 | H10: 22000 | I10: 1950 | J10: 0 | K10: =_xlfn.XLOOKUP(B10,'July 2025'!B:B,'July 2025'!K:K) -> L-6
A11: 10 | B11: 13 | C11: Lokesh Sharma | D11: On record | E11: Executive | F11: =_xlfn.XLOOKUP(B11,'July 2025'!B:B,'July 2025'!F:F) -> Domestic | G11: 16000 | H11: 14133 | I11: 1102 | J11: 460 | K11: =_xlfn.XLOOKUP(B11,'July 2025'!B:B,'July 2025'!K:K) -> L-7
A12: 11 | B12: 14 | C12: Rajesh Sharma | D12: On record | E12: Office Boy | F12: =_xlfn.XLOOKUP(B12,'July 2025'!B:B,'July 2025'!F:F) -> Office Support | G12: 15400 | H12: 15400 | I12: 1201 | J12: 501 | K12: =_xlfn.XLOOKUP(B12,'July 2025'!B:B,'July 2025'!K:K) -> L-10
A13: 12 | B13: 15 | C13: Yashodatt Sharma | D13: On record | E13: Fabric Checker | F13: =_xlfn.XLOOKUP(B13,'July 2025'!B:B,'July 2025'!F:F) -> Manufacturing | G13: 20000 | H13: 18333 | I13: 1430 | J13: 596 | K13: =_xlfn.XLOOKUP(B13,'July 2025'!B:B,'July 2025'!K:K) -> L-9
... A15: 14 | B15: 17 | C15: Naveen Bhaskar | D15: On record | E15: Final Checker | F15: =_xlfn.XLOOKUP(B15,'July 2025'!B:B,'July 2025'!F:F) -> Manufacturing | G15: 17500 | H15: 17500 | I15: 1365 | J15: 569 | K15: =_xlfn.XLOOKUP(B15,'July 2025'!B:B,'July 2025'!K:K) -> L-9
A16: 15 | B16: 19 | C16: Govind Sharma | D16: On record | E16: Checker | F16: Manufacturing | G16: 15300 | H16: 6885 | I16: 537 | J16: 224 | K16: L-9
A17: 16 | B17: 20 | C17: Naresh Kumar Bairwa | D17: On record | E17: Checker | F17: =_xlfn.XLOOKUP(B17,'July 2025'!B:B,'July 2025'!F:F) -> Manufacturing | G17: 14500 | H17: 14500 | I17: 1320 | J17: 472 | K17: =_xlfn.XLOOKUP(B17,'July 2025'!B:B,'July 2025'!K:K) -> L-9
A18: 17 | B18: 21 | C18: Sonu Bairwa | D18: On record | E18: Supervisior | F18: =_xlfn.XLOOKUP(B18,'July 2025'!B:B,'July 2025'!F:F) -> Manufacturing | G18: 22000 | H18: 20533 | I18: 1602 | J18: 0 | K18: =_xlfn.XLOOKUP(B18,'July 2025'!B:B,'July 2025'!K:K) -> L-8
A19: 18 | B19: 22 | C19: Faizal Rangrej | D19: On record | E19: Manager | F19: =_xlfn.XLOOKUP(B19,'July 2025'!B:B,'July 2025'!F:F) -> Domestic | G19: 68200 | H19: 68200 | I19: 1950 | J19: 0 | K19: =_xlfn.XLOOKUP(B19,'July 2025'!B:B,'July 2025'!K:K) -> L-5
A20: 19 | B20: 24 | C20: Ravi Kumar Bairwa (Tatawat) | D20: On record | E20: Executive | F20: =_xlfn.XLOOKUP(B20,'July 2025'!B:B,'July 2025'!F:F) -> Domestic | G20: 15500 | H20: 7234 | I20: 668 | J20: 236 | K20: =_xlfn.XLOOKUP(B20,'July 2025'!B:B,'July 2025'!K:K) -> L-8
A21: 20 | B21: 27 | C21: Asim Shoyab Khan | D21: On record | E21: Executive | F21: =_xlfn.XLOOKUP(B21,'July 2025'!B:B,'July 2025'!F:F) -> Domestic | G21: 25988 | H21: 25122 | I21: 1950 | J21: 0 | K21: =_xlfn.XLOOKUP(B21,'July 2025'!B:B,'July 2025'!K:K) -> L-6
A22: 21 | B22: 29 | C22: Peeyush Pareek | D22: On record | E22: Manager | F22: =_xlfn.XLOOKUP(B22,'July 2025'!B:B,'July 2025'!F:F) -> D2C | G22: 79450 | H22: 79450 | I22: 1950 | J22: 0 | K22: =_xlfn.XLOOKUP(B22,'July 2025'!B:B,'July 2025'!K:K) -> L-5
A23: 22 | B23: 32 | C23: Shaitan Singh | D23: On record | E23: Supervisior | F23: =_xlfn.XLOOKUP(B23,'July 2025'!B:B,'July 2025'!F:F) -> Manufacturing | G23: 25000 | H23: 24167 | I23: 0 | J23: 0 | K23: =_xlfn.XLOOKUP(B23,'July 2025'!B:B,'July 2025'!K:K) -> L-8
A24: 23 | B24: 33 | C24: Chakshita Maheshwari | D24: On record | E24: Graphic Designer | F24: =_xlfn.XLOOKUP(B24,'July 2025'!B:B,'July 2025'!F:F) -> D2C | G24: 37000 | H24: 41177 | I24: 0 | J24: 0 | K24: =_xlfn.XLOOKUP(B24,'July 2025'!B:B,'July 2025'!K:K) -> L-6
A25: 24 | B25: 37 | C25: Karishma Kaityar | D25: On record | E25: Senior Executive | F25: =_xlfn.XLOOKUP(B25,'July 2025'!B:B,'July 2025'!F:F) -> Overseas | G25: 44000 | H25: 44000 | I25: 0 | J25: 0 | K25: =_xlfn.XLOOKUP(B25,'July 2025'!B:B,'July 2025'!K:K) -> L-6
A26: 25 | B26: 38 | C26: Surajmal Prajapati | D26: On record | E26: Human Resource | F26: =_xlfn.XLOOKUP(B26,'July 2025'!B:B,'July 2025'!F:F) -> Admin | G26: 41000 | H26: 41000 | I26: 0 | J26: 0 | K26: =_xlfn.XLOOKUP(B26,'July 2025'!B:B,'July 2025'!K:K) -> L-5
A27: 26 | B27: 39 | C27: Padmawati | D27: On record | E27: Tailor | F27: =_xlfn.XLOOKUP(B27,'July 2025'!B:B,'July 2025'!F:F) -> Manufacturing | G27: 30000 | H27: 19000 | I27: 0 | J27: 0 | K27: =_xlfn.XLOOKUP(B27,'July 2025'!B:B,'July 2025'!K:K) -> L-9
A28: 27 | B28: 40 | C28: Foranti | D28: On record | E28: Tailor | F28: =_xlfn.XLOOKUP(B28,'July 2025'!B:B,'July 2025'!F:F) -> Manufacturing | G28: 30000 | H28: 19000 | I28: 0 | J28: 0 | K28: =_xlfn.XLOOKUP(B28,'July 2025'!B:B,'July 2025'!K:K) -> L-9
A29: 28 | B29: 41 | C29: Sonu Bairwa Tailor | D29: On record | E29: Tailor | F29: Manufacturing | G29: 30000 | H29: 0 | I29: 0 | J29: 0 | K29: L-9
A30: 29 | B30: 42 | C30: Raji Devi | D30: On record | E30: Tailor | F30: =_xlfn.XLOOKUP(B30,'July 2025'!B:B,'July 2025'!F:F) -> Manufacturing | G30: 30000 | H30: 12500 | I30: 0 | J30: 0 | K30: =_xlfn.XLOOKUP(B30,'July 2025'!B:B,'July 2025'!K:K) -> L-9
A31: 30 | B31: 43 | C31: Laxman | D31: On record | E31: Tailor | F31: =_xlfn.XLOOKUP(B31,'July 2025'!B:B,'July 2025'!F:F) -> Manufacturing | G31: 30000 | H31: 29500 | I31: 0 | J31: 0 | K31: =_xlfn.XLOOKUP(B31,'July 2025'!B:B,'July 2025'!K:K) -> L-9
A32: 31 | B32: 44 | C32: Dilip | D32: On record | E32: Tailor | F32: =_xlfn.XLOOKUP(B32,'July 2025'!B:B,'July 2025'!F:F) -> Manufacturing | G32: 30000 | H32: 16500 | I32: 0 | J32: 0 | K32: =_xlfn.XLOOKUP(B32,'July 2025'!B:B,'July 2025'!K:K) -> L-9
A33: 32 | B33: 46 | C33: Furqan Hameed | D33: On record | E33: Manager | F33: =_xlfn.XLOOKUP(B33,'July 2025'!B:B,'July 2025'!F:F) -> Overseas | G33: 80000 | H33: 80000 | I33: 0 | J33: 0 | K33: =_xlfn.XLOOKUP(B33,'July 2025'!B:B,'July 2025'!K:K) -> L-5
A34: 33 | B34: 48 | C34: Safina Khan | D34: On record | E34: Tailor | F34: =_xlfn.XLOOKUP(B34,'July 2025'!B:B,'July 2025'!F:F) -> Manufacturing | G34: 30000 | H34: 30000 | I34: 0 | J34: 0 | K34: =_xlfn.XLOOKUP(B34,'July 2025'!B:B,'July 2025'!K:K) -> L-9
A35: 34 | B35: 49 | C35: Gulbatti Meena | D35: On record | E35: Tailor | F35: =_xlfn.XLOOKUP(B35,'July 2025'!B:B,'July 2025'!F:F) -> Manufacturing | G35: 30000 | H35: 20500 | I35: 0 | J35: 0 | K35: =_xlfn.XLOOKUP(B35,'July 2025'!B:B,'July 2025'!K:K) -> L-9
A36: 35 | B36: 50 | C36: Ajay Singh Tiwari | D36: On record | E36: Executive | F36: =_xlfn.XLOOKUP(B36,'July 2025'!B:B,'July 2025'!F:F) -> Domestic | G36: 30000 | H36: 30000 | I36: 0 | J36: 0 | K36: =_xlfn.XLOOKUP(B36,'July 2025'!B:B,'July 2025'!K:K) -> L-6
A37: 36 | B37: 54 | C37: Mamta Saini | D37: On record | E37: Tailor | F37: =_xlfn.XLOOKUP(B37,'July 2025'!B:B,'July 2025'!F:F) -> Manufacturing | G37: 30000 | H37: 17500 | I37: 0 | J37: 0 | K37: =_xlfn.XLOOKUP(B37,'July 2025'!B:B,'July 2025'!K:K) -> L-9
A38: 37 | B38: 55 | C38: Mamta Sain | D38: On record | E38: Tailor | F38: =_xlfn.XLOOKUP(B38,'July 2025'!B:B,'July 2025'!F:F) -> Manufacturing | G38: 30000 | H38: 18500 | I38: 0 | J38: 0 | K38: =_xlfn.XLOOKUP(B38,'July 2025'!B:B,'July 2025'!K:K) -> L-9
A39: 38 | B39: 56 | C39: Shayari Saini | D39: On record | E39: Tailor | F39: =_xlfn.XLOOKUP(B39,'July 2025'!B:B,'July 2025'!F:F) -> Manufacturing | G39: 30000 | H39: 21500 | I39: 0 | J39: 0 | K39: =_xlfn.XLOOKUP(B39,'July 2025'!B:B,'July 2025'!K:K) -> L-9
A40: 39 | B40: 57 | C40: Jatin Arora | D40: On record | E40: Manager | F40: =_xlfn.XLOOKUP(B40,'July 2025'!B:B,'July 2025'!F:F) -> Overseas | G40: 48600 | H40: 48600 | I40: 1950 | J40: 0 | K40: =_xlfn.XLOOKUP(B40,'July 2025'!B:B,'July 2025'!K:K) -> L-6
A41: 40 | B41: 10002 | C41: Manish Kumar Bairwa | D41: Console | E41: Helper | F41: =_xlfn.XLOOKUP(B41,'July 2025'!B:B,'July 2025'!F:F) -> Domestic | G41: 15400 | H41: 11037 | I41: 0 | J41: 0 | K41: =_xlfn.XLOOKUP(B41,'July 2025'!B:B,'July 2025'!K:K) -> L-10
... A44: 43 | B44: 10008 | C44: Santara | D44: Console | E44: SWEEPER | F44: =_xlfn.XLOOKUP(B44,'July 2025'!B:B,'July 2025'!F:F) -> Office Support | G44: 11000 | H44: 11000 | I44: 0 | J44: 0 | K44: =_xlfn.XLOOKUP(B44,'July 2025'!B:B,'July 2025'!K:K) -> L-10
A45: 44 | B45: 10012 | C45: Ramavtar sharma | D45: Security Contractor | E45: Guard | F45: Office Support | G45: 14000 | H45: 0 | I45: 0 | J45: 0 | K45: L-10
A46: 45 | B46: 62 | C46: Kavita Bai | D46: On record | E46: Tailor | F46: =_xlfn.XLOOKUP(B46,'July 2025'!B:B,'July 2025'!F:F) -> Manufacturing | G46: 30000 | H46: 19000 | I46: 0 | J46: 0 | K46: =_xlfn.XLOOKUP(B46,'July 2025'!B:B,'July 2025'!K:K) -> L-9
A47: 46 | B47: 10014 | C47: Vikash Bairwa | D47: Console | E47: Helper | F47: =_xlfn.XLOOKUP(B47,'July 2025'!B:B,'July 2025'!F:F) -> Manufacturing | G47: 12000 | H47: 8000 | I47: 0 | J47: 0 | K47: =_xlfn.XLOOKUP(B47,'July 2025'!B:B,'July 2025'!K:K) -> L-10
A48: 47 | B48: 10015 | C48: Asharam Bairwa | D48: Console | E48: Checker | F48: =_xlfn.XLOOKUP(B48,'July 2025'!B:B,'July 2025'!F:F) -> Manufacturing | G48: 14000 | H48: 14000 | I48: 0 | J48: 0 | K48: =_xlfn.XLOOKUP(B48,'July 2025'!B:B,'July 2025'!K:K) -> L-9
A49: 48 | B49: 10017 | C49: Mohan lal Bairwa | D49: Console | E49: Helper | F49: =_xlfn.XLOOKUP(B49,'July 2025'!B:B,'July 2025'!F:F) -> Manufacturing | G49: 13000 | H49: 11267 | I49: 0 | J49: 0 | K49: =_xlfn.XLOOKUP(B49,'July 2025'!B:B,'July 2025'!K:K) -> L-10
A50: 49 | B50: 10018 | C50: Rahul Bairwa | D50: Console | E50: Checker | F50: =_xlfn.XLOOKUP(B50,'July 2025'!B:B,'July 2025'!F:F) -> Manufacturing | G50: 15700 | H50: 15177 | I50: 0 | J50: 0 | K50: =_xlfn.XLOOKUP(B50,'July 2025'!B:B,'July 2025'!K:K) -> L-9
A51: 50 | B51: 10020 | C51: Raju Lal Bairwa | D51: Console | E51: Checker | F51: =_xlfn.XLOOKUP(B51,'July 2025'!B:B,'July 2025'!F:F) -> Manufacturing | G51: 14500 | H51: 14017 | I51: 0 | J51: 0 | K51: =_xlfn.XLOOKUP(B51,'July 2025'!B:B,'July 2025'!K:K) -> L-9
A52: 51 | B52: 10021 | C52: Kaptaan Singh | D52: Console | E52: Checker | F52: =_xlfn.XLOOKUP(B52,'July 2025'!B:B,'July 2025'!F:F) -> Manufacturing | G52: 14200 | H52: 11360 | I52: 0 | J52: 0 | K52: =_xlfn.XLOOKUP(B52,'July 2025'!B:B,'July 2025'!K:K) -> L-9
A53: 52 | B53: 10027 | C53: Mahendra Sharma | D53: Console | E53: Senior Executive | F53: =_xlfn.XLOOKUP(B53,'July 2025'!B:B,'July 2025'!F:F) -> Domestic | G53: 6500 | H53: 5633 | I53: 0 | J53: 0 | K53: =_xlfn.XLOOKUP(B53,'July 2025'!B:B,'July 2025'!K:K) -> L-7
A54: 53 | B54: 10032 | C54: Ganesh Meena | D54: Console | E54: Helper | F54: =_xlfn.XLOOKUP(B54,'July 2025'!B:B,'July 2025'!F:F) -> Manufacturing | G54: 12500 | H54: 4792 | I54: 0 | J54: 0 | K54: =_xlfn.XLOOKUP(B54,'July 2025'!B:B,'July 2025'!K:K) -> L-10
A55: 54 | B55: 10036 | C55: Surendra Tailor | D55: Console | E55: Checker | F55: Manufacturing | G55: 14500 | H55: 12083 | I55: 0 | J55: 0 | K55: L-9
A56: 55 | B56: 10037 | C56: Feliram Bairwa | D56: Console | E56: Checker | F56: Manufacturing | G56: 15000 | H56: 15000 | I56: 0 | J56: 0 | K56: L-9
A57: 56 | B57: 10041 | C57: Vikash Kumar | D57: Console | E57: Checker | F57: =_xlfn.XLOOKUP(B57,'July 2025'!B:B,'July 2025'!F:F) -> Manufacturing | G57: 14000 | H57: 13067 | I57: 0 | J57: 0 | K57: =_xlfn.XLOOKUP(B57,'July 2025'!B:B,'July 2025'!K:K) -> L-9
A58: 57 | B58: 10043 | C58: Ehsaan Khan | D58: Console | E58: Checker | F58: =_xlfn.XLOOKUP(B58,'July 2025'!B:B,'July 2025'!F:F) -> Domestic | G58: 13500 | H58: 9675 | I58: 0 | J58: 0 | K58: =_xlfn.XLOOKUP(B58,'July 2025'!B:B,'July 2025'!K:K) -> L-9
A59: 58 | B59: 63 | C59: Mukesh Bhawarlal Deora | D59: On record | E59: Vendor Relationship Manager | F59: =_xlfn.XLOOKUP(B59,'July 2025'!B:B,'July 2025'!F:F) -> Admin | G59: 43000 | H59: 43000 | I59: 1950 | J59: 0 | K59: =_xlfn.XLOOKUP(B59,'July 2025'!B:B,'July 2025'!K:K) -> L-5
A60: 59 | B60: 10048 | C60: Sakuntala Bairwa | D60: Console | E60: Marking | F60: Manufacturing | G60: 11000 | H60: 4767 | I60: 0 | J60: 0 | K60: L-9
A61: 60 | B61: 10049 | C61: Mithta Lal Bairwa | D61: Console | E61: Helper | F61: =_xlfn.XLOOKUP(B61,'July 2025'!B:B,'July 2025'!F:F) -> Domestic | G61: 13000 | H61: 11700 | I61: 0 | J61: 0 | K61: =_xlfn.XLOOKUP(B61,'July 2025'!B:B,'July 2025'!K:K) -> L-10
A62: 61 | B62: 64 | C62: Sahil Gurnani | D62: On record | E62: Intern | F62: =_xlfn.XLOOKUP(B62,'July 2025'!B:B,'July 2025'!F:F) -> Admin | G62: 5000 | H62: 1250 | I62: 0 | J62: 41 | K62: =_xlfn.XLOOKUP(B62,'July 2025'!B:B,'July 2025'!K:K) -> L-7
A63: 62 | B63: 65 | C63: Sunita (Meena) | D63: On record | E63: Tailor | F63: =_xlfn.XLOOKUP(B63,'July 2025'!B:B,'July 2025'!F:F) -> Manufacturing | G63: 30000 | H63: 30000 | I63: 0 | J63: 0 | K63: =_xlfn.XLOOKUP(B63,'July 2025'!B:B,'July 2025'!K:K) -> L-9
A64: 63 | B64: 10055 | C64: Jabid Husen | D64: Console | E64: Helper | F64: =_xlfn.XLOOKUP(B64,'July 2025'!B:B,'July 2025'!F:F) -> Domestic | G64: 11000 | H64: 9533 | I64: 0 | J64: 0 | K64: =_xlfn.XLOOKUP(B64,'July 2025'!B:B,'July 2025'!K:K) -> L-10
A65: 64 | B65: 66 | C65: Sohan Lal | D65: On record | E65: Tailor | F65: =_xlfn.XLOOKUP(B65,'July 2025'!B:B,'July 2025'!F:F) -> Manufacturing | G65: 30000 | H65: 26299 | I65: 0 | J65: 0 | K65: =_xlfn.XLOOKUP(B65,'July 2025'!B:B,'July 2025'!K:K) -> L-9
A66: 65 | B66: 10061 | C66: Ritu Devi | D66: Console | E66: Eyelet Marker | F66: =_xlfn.XLOOKUP(B66,'July 2025'!B:B,'July 2025'!F:F) -> Manufacturing | G66: 8800 | H66: 4400 | I66: 0 | J66: 0 | K66: =_xlfn.XLOOKUP(B66,'July 2025'!B:B,'July 2025'!K:K) -> L-9
A67: 66 | B67: 10062 | C67: Vinod Kumar Bairwa | D67: Console | E67: Helper | F67: =_xlfn.XLOOKUP(B67,'July 2025'!B:B,'July 2025'!F:F) -> Manufacturing | G67: 10500 | H67: 9800 | I67: 0 | J67: 0 | K67: =_xlfn.XLOOKUP(B67,'July 2025'!B:B,'July 2025'!K:K) -> L-10
A68: 67 | B68: 10063 | C68: Ashutosh Bairwa | D68: Console | E68: Helper | F68: =_xlfn.XLOOKUP(B68,'July 2025'!B:B,'July 2025'!F:F) -> Manufacturing | G68: 11000 | H68: 11000 | I68: 0 | J68: 0 | K68: =_xlfn.XLOOKUP(B68,'July 2025'!B:B,'July 2025'!K:K) -> L-10
A69: 68 | B69: 10064 | C69: Rajkumari Tailor | D69: Console | E69: Checker | F69: =_xlfn.XLOOKUP(B69,'July 2025'!B:B,'July 2025'!F:F) -> Manufacturing | G69: 13500 | H69: 10350 | I69: 0 | J69: 0 | K69: =_xlfn.XLOOKUP(B69,'July 2025'!B:B,'July 2025'!K:K) -> L-9
A70: 69 | B70: 10068 | C70: Sheru Kumar | D70: Console | E70: Helper | F70: =_xlfn.XLOOKUP(B70,'July 2025'!B:B,'July 2025'!F:F) -> Domestic | G70: 13500 | H70: 11250 | I70: 0 | J70: 0 | K70: =_xlfn.XLOOKUP(B70,'July 2025'!B:B,'July 2025'!K:K) -> L-10
A71: 70 | B71: 10069 | C71: Kamlesh Meena | D71: Console | E71: Checker | F71: =_xlfn.XLOOKUP(B71,'July 2025'!B:B,'July 2025'!F:F) -> Manufacturing | G71: 13000 | H71: 12567 | I71: 0 | J71: 0 | K71: =_xlfn.XLOOKUP(B71,'July 2025'!B:B,'July 2025'!K:K) -> L-9
A72: 71 | B72: 10070 | C72: Santosh Devi | D72: Console | E72: Checker | F72: =_xlfn.XLOOKUP(B72,'July 2025'!B:B,'July 2025'!F:F) -> Manufacturing | G72: 13500 | H72: 11250 | I72: 0 | J72: 0 | K72: =_xlfn.XLOOKUP(B72,'July 2025'!B:B,'July 2025'!K:K) -> L-9
A73: 72 | B73: 10074 | C73: Vikash Bairwa | D73: Console | E73: Helper | F73: Manufacturing | G73: 11000 | H73: 0 | I73: 0 | J73: 0 | K73: L-9
A74: 73 | B74: 10076 | C74: Buddhi Prakash | D74: Console | E74: Press man | F74: =_xlfn.XLOOKUP(B74,'July 2025'!B:B,'July 2025'!F:F) -> Manufacturing | G74: 12500 | H74: 9584 | I74: 0 | J74: 0 | K74: =_xlfn.XLOOKUP(B74,'July 2025'!B:B,'July 2025'!K:K) -> L-9
A75: 74 | B75: 67 | C75: Mukesh | D75: On record | E75: Tailor | F75: =_xlfn.XLOOKUP(B75,'July 2025'!B:B,'July 2025'!F:F) -> Manufacturing | G75: 30000 | H75: 23500 | I75: 0 | J75: 0 | K75: =_xlfn.XLOOKUP(B75,'July 2025'!B:B,'July 2025'!K:K) -> L-9
A76: 75 | B76: 10088 | C76: Vishnu Kumar Yogi | D76: Console | E76: Checker | F76: Manufacturing | G76: 12500 | H76: 20362 | I76: 0 | J76: 0 | K76: L-9
A77: 76 | B77: 68 | C77: Mamta | D77: On record | E77: Tailor | F77: =_xlfn.XLOOKUP(B77,'July 2025'!B:B,'July 2025'!F:F) -> Manufacturing | G77: 30000 | H77: 27090 | I77: 0 | J77: 0 | K77: =_xlfn.XLOOKUP(B77,'July 2025'!B:B,'July 2025'!K:K) -> L-9
A78: 77 | B78: 69 | C78: Manisha Yadav | D78: On record | E78: Tailor | F78: =_xlfn.XLOOKUP(B78,'July 2025'!B:B,'July 2025'!F:F) -> Manufacturing | G78: 30000 | H78: 23000 | I78: 0 | J78: 0 | K78: =_xlfn.XLOOKUP(B78,'July 2025'!B:B,'July 2025'!K:K) -> L-9
A79: 78 | B79: 70 | C79: Parvati Devi | D79: On record | E79: Tailor | F79: =_xlfn.XLOOKUP(B79,'July 2025'!B:B,'July 2025'!F:F) -> Manufacturing | G79: 30000 | H79: 19500 | I79: 0 | J79: 0 | K79: =_xlfn.XLOOKUP(B79,'July 2025'!B:B,'July 2025'!K:K) -> L-9
A80: 79 | B80: 71 | C80: Gomati | D80: On record | E80: Tailor | F80: =_xlfn.XLOOKUP(B80,'July 2025'!B:B,'July 2025'!F:F) -> Manufacturing | G80: 30000 | H80: 27000 | I80: 0 | J80: 0 | K80: =_xlfn.XLOOKUP(B80,'July 2025'!B:B,'July 2025'!K:K) -> L-9
A81: 80 | B81: 72 | C81: Manoj Yogi | D81: On record | E81: Tailor | F81: =_xlfn.XLOOKUP(B81,'July 2025'!B:B,'July 2025'!F:F) -> Manufacturing | G81: 30000 | H81: 25000 | I81: 0 | J81: 0 | K81: =_xlfn.XLOOKUP(B81,'July 2025'!B:B,'July 2025'!K:K) -> L-9
A82: 81 | B82: 10096 | C82: Ramprasad Meena | D82: Console | E82: Press man | F82: =_xlfn.XLOOKUP(B82,'July 2025'!B:B,'July 2025'!F:F) -> Manufacturing | G82: 13000 | H82: 12783 | I82: 0 | J82: 0 | K82: =_xlfn.XLOOKUP(B82,'July 2025'!B:B,'July 2025'!K:K) -> L-9
A83: 82 | B83: 10099 | C83: Rati Ram Mali | D83: Console | E83: Helper | F83: =_xlfn.XLOOKUP(B83,'July 2025'!B:B,'July 2025'!F:F) -> Domestic | G83: 11000 | H83: 10450 | I83: 0 | J83: 0 | K83: =_xlfn.XLOOKUP(B83,'July 2025'!B:B,'July 2025'!K:K) -> L-10
A84: 83 | B84: 10101 | C84: Mamta Meena | D84: Console | E84: Checker | F84: =_xlfn.XLOOKUP(B84,'July 2025'!B:B,'July 2025'!F:F) -> Manufacturing | G84: 11500 | H84: 10350 | I84: 0 | J84: 0 | K84: =_xlfn.XLOOKUP(B84,'July 2025'!B:B,'July 2025'!K:K) -> L-9
A85: 84 | B85: 73 | C85: Sayar | D85: On record | E85: Tailor | F85: =_xlfn.XLOOKUP(B85,'July 2025'!B:B,'July 2025'!F:F) -> Manufacturing | G85: 30000 | H85: 18000 | I85: 0 | J85: 0 | K85: =_xlfn.XLOOKUP(B85,'July 2025'!B:B,'July 2025'!K:K) -> L-9
A86: 85 | B86: 74 | C86: Hetram | D86: On record | E86: Tailor | F86: =_xlfn.XLOOKUP(B86,'July 2025'!B:B,'July 2025'!F:F) -> Manufacturing | G86: 30000 | H86: 17500 | I86: 0 | J86: 0 | K86: =_xlfn.XLOOKUP(B86,'July 2025'!B:B,'July 2025'!K:K) -> L-9
A87: 86 | B87: 75 | C87: Sunita choudhary | D87: On record | E87: Tailor | F87: =_xlfn.XLOOKUP(B87,'July 2025'!B:B,'July 2025'!F:F) -> Manufacturing | G87: 30000 | H87: 26000 | I87: 0 | J87: 0 | K87: =_xlfn.XLOOKUP(B87,'July 2025'!B:B,'July 2025'!K:K) -> L-9
A88: 87 | B88: 76 | C88: Ritik Kumar Bairwa | D88: On record | E88: Tailor | F88: =_xlfn.XLOOKUP(B88,'July 2025'!B:B,'July 2025'!F:F) -> Manufacturing | G88: 30000 | H88: 18500 | I88: 0 | J88: 0 | K88: =_xlfn.XLOOKUP(B88,'July 2025'!B:B,'July 2025'!K:K) -> L-9
... A103: 102 | B103: 10121 | C103: Vishal | D103: Console | E103: Helper | F103: =_xlfn.XLOOKUP(B103,'July 2025'!B:B,'July 2025'!F:F) -> Domestic | G103: 11500 | H103: 8433 | I103: 0 | J103: 0 | K103: =_xlfn.XLOOKUP(B103,'July 2025'!B:B,'July 2025'!K:K) -> L-10
A104: 103 | B104: 10123 | C104: Vikash | D104: Console | E104: Helper | F104: Manufacturing | G104: 12000 | H104: 0 | I104: 0 | J104: 0 | K104: L-9
A105: 104 | B105: 10124 | C105: Daya Ram | D105: Console | E105: Checker | F105: =_xlfn.XLOOKUP(B105,'July 2025'!B:B,'July 2025'!F:F) -> Manufacturing | G105: 14000 | H105: 13300 | I105: 0 | J105: 0 | K105: =_xlfn.XLOOKUP(B105,'July 2025'!B:B,'July 2025'!K:K) -> L-9
A106: 105 | B106: 10125 | C106: Harkesh | D106: Console | E106: Helper | F106: =_xlfn.XLOOKUP(B106,'July 2025'!B:B,'July 2025'!F:F) -> Overseas | G106: 14500 | H106: 12567 | I106: 0 | J106: 0 | K106: =_xlfn.XLOOKUP(B106,'July 2025'!B:B,'July 2025'!K:K) -> L-10
A107: 106 | B107: 10127 | C107: Narottam Sharma | D107: Console | E107: Checker | F107: =_xlfn.XLOOKUP(B107,'July 2025'!B:B,'July 2025'!F:F) -> Manufacturing | G107: 14000 | H107: 13533 | I107: 0 | J107: 0 | K107: =_xlfn.XLOOKUP(B107,'July 2025'!B:B,'July 2025'!K:K) -> L-9
A108: 107 | B108: 10128 | C108: Nand Kishor | D108: Console | E108: Checker | F108: =_xlfn.XLOOKUP(B108,'July 2025'!B:B,'July 2025'!F:F) -> Manufacturing | G108: 14000 | H108: 12600 | I108: 0 | J108: 0 | K108: =_xlfn.XLOOKUP(B108,'July 2025'!B:B,'July 2025'!K:K) -> L-9
A109: 108 | B109: 10130 | C109: Bharat Shakya | D109: Console | E109: Checker | F109: Manufacturing | G109: 13000 | H109: 12133 | I109: 0 | J109: 0 | K109: L-9
A110: 109 | B110: 83 | C110: Radheshyam Bairwa | D110: On record | E110: Tailor | F110: =_xlfn.XLOOKUP(B110,'July 2025'!B:B,'July 2025'!F:F) -> Manufacturing | G110: 30000 | H110: 20000 | I110: 0 | J110: 0 | K110: =_xlfn.XLOOKUP(B110,'July 2025'!B:B,'July 2025'!K:K) -> L-9
A111: 110 | B111: 10131 | C111: Daya Shankar Bairwa | D111: Console | E111: Helper | F111: =_xlfn.XLOOKUP(B111,'July 2025'!B:B,'July 2025'!F:F) -> Domestic | G111: 11000 | H111: 8983 | I111: 0 | J111: 0 | K111: =_xlfn.XLOOKUP(B111,'July 2025'!B:B,'July 2025'!K:K) -> L-10
A112: 111 | B112: 10132 | C112: Priyanka Sain | D112: Console | E112: Checker | F112: Manufacturing | G112: 13000 | H112: 3467 | I112: 0 | J112: 0 | K112: L-9
A113: 112 | B113: 10135 | C113: Dil Khush Yogi | D113: Console | E113: Helper | F113: =_xlfn.XLOOKUP(B113,'July 2025'!B:B,'July 2025'!F:F) -> Manufacturing | G113: 15500 | H113: 14983 | I113: 0 | J113: 0 | K113: =_xlfn.XLOOKUP(B113,'July 2025'!B:B,'July 2025'!K:K) -> L-10
A114: 113 | B114: 10137 | C114: Ram Lakhan Saini | D114: Console | E114: Helper | F114: =_xlfn.XLOOKUP(B114,'July 2025'!B:B,'July 2025'!F:F) -> Domestic | G114: 11000 | H114: 10633 | I114: 0 | J114: 0 | K114: =_xlfn.XLOOKUP(B114,'July 2025'!B:B,'July 2025'!K:K) -> L-10
A115: 114 | B115: 10139 | C115: Suraj Mal | D115: Console | E115: Helper | F115: Manufacturing | G115: 15000 | H115: 14500 | I115: 0 | J115: 0 | K115: L-9
A116: 115 | B116: 10140 | C116: Vidhya Sharma | D116: Console | E116: Checker | F116: =_xlfn.XLOOKUP(B116,'July 2025'!B:B,'July 2025'!F:F) -> Manufacturing | G116: 12500 | H116: 10833 | I116: 0 | J116: 0 | K116: =_xlfn.XLOOKUP(B116,'July 2025'!B:B,'July 2025'!K:K) -> L-9
A117: 116 | B117: 10142 | C117: Mahaveer Prasad | D117: Console | E117: Checker | F117: Manufacturing | G117: 14000 | H117: 5133 | I117: 0 | J117: 0 | K117: L-9
...

Sheet July 2025
A1: Sr. No. | B1: User ID | C1: Emp. Name | D1: Mode | E1: Designation | F1: Department | G1: Gross salary | H1: In Hand Salary | I1: PF Employer | J1: ESI Employer | K1: Level Wise
A2: 1 | B2: 1 | C2: Chanda Ji | D2: On record | E2: Eyelet Marker | F2: Manufacturing | G2: 11000 | H2: 6387 | I2: 498 | J2: 208 | K2: L-9
A3: 2 | B3: 2 | C3: Surendra Bairwa | D3: On record | E3: Executive | F3: Domestic | G3: 20500 | H3: 18847 | I3: 1470 | J3: 613 | K3: L-8
A4: 3 | B4: 3 | C4: Harkesh Kumar Bairwa | D4: On record | E4: Cutting Master | F4: Manufacturing | G4: 27500 | H4: 25726 | I4: 0 | J4: 0 | K4: L-9
A5: 4 | B5: 4 | C5: Mohd. Shoyeb Rangrej | D5: On record | E5: Executive | F5: Domestic | G5: 25781 | H5: 25781 | I5: 1950 | J5: 0 | K5: L-6
A6: 5 | B6: 6 | C6: Tehseenul Islam Siddque | D6: On record | E6: Merchandiser | F6: Admin | G6: 62500 | H6: 60484 | I6: 0 | J6: 0 | K6: L-5
A7: 6 | B7: 7 | C7: Rajendra Prasad Vijay | D7: On record | E7: Senior Accountant | F7: Admin | G7: 48000 | H7: 48000 | I7: 0 | J7: 0 | K7: L-5
A8: 7 | B8: 10002 | C8: Manish Kumar Bairwa | D8: Console | E8: Helper | F8: Domestic | G8: 15400 | H8: 13413 | I8: 0 | J8: 0 | K8: L-10
A9: 8 | B9: 10004 | C9: Ramswaroop | D9: Console | E9: Final Checker | F9: Manufacturing | G9: 17000 | H9: 17000 | I9: 0 | J9: 0 | K9: L-9
A10: 9 | B10: 122 | C10: Chhaju Lal Saini | D10: On record | E10: Computer Operator | F10: Domestic | G10: 17500 | H10: 14113 | I10: 1101 | J10: 459 | K10: L-7
A11: 10 | B11: 9 | C11: Ravi Panchal | D11: On record | E11: SKU checker | F11: Domestic | G11: 16300 | H11: 16300 | I11: 1271 | J11: 530 | K11: L-9
A12: 11 | B12: 123 | C12: Mahendra Gurjer | D12: On record | E12: Cutting Master | F12: Manufacturing | G12: 16000 | H12: 15484 | I12: 1208 | J12: 504 | K12: L-9
A13: 12 | B13: 124 | C13: Jitendra Sharma | D13: On record | E13: Executive | F13: Manufacturing | G13: 15000 | H13: 12823 | I13: 1000 | J13: 417 | K13: L-7
... A273: 272 | B273: 5003 | C273: Tanisha Shah | D273: On record | E273: Intern | F273: D2C | G273: 5000 | H273: 807 | I273: 0 | J273: 0 | K273: L-7
A274: 273 | B274: 5001 | C274: Jiya Khandelwal | D274: On record | E274: Intern | F274: Admin | G274: 5000 | H274: 807 | I274: 0 | J274: 0 | K274: L-7

Sheet August 2025
A1: Sr. No. | B1: User ID | C1: Emp. Name | D1: Mode | E1: Designation | F1: Department | G1: Gross salary | H1: In Hand Salary | I1: PF Employer | J1: ESI Employer | K1: Level Wise
A2: 1 | B2: 1 | C2: Chanda Ji | D2: On record | E2: Eyelet Marker | F2: =_xlfn.XLOOKUP($B2,'August 2025'!B:B,'July 2025'!F:F) -> Manufacturing | G2: 11000 | H2: 11000 | I2: 858 | J2: 358 | K2: L-10
A3: 2 | B3: 2 | C3: Surendra Bairwa | D3: On record | E3: Executive | F3: =_xlfn.XLOOKUP($B3,'August 2025'!B:B,'July 2025'!F:F) -> Domestic | G3: 20500 | H3: 14879 | I3: 1161 | J3: 484 | K3: =_xlfn.XLOOKUP('August 2025'!B3,'August 2025'!B:B,'July 2025'!K:K) -> L-8
A4: 3 | B4: 3 | C4: Harkesh Kumar Bairwa | D4: On record | E4: Cutting Master | F4: =_xlfn.XLOOKUP($B4,'August 2025'!B:B,'July 2025'!F:F) -> Manufacturing | G4: 27500 | H4: 25726 | I4: 0 | J4: 0 | K4: L-7
A5: 4 | B5: 4 | C5: Mohd. Shoyeb Rangrej | D5: On record | E5: Executive | F5: =_xlfn.XLOOKUP($B5,'August 2025'!B:B,'July 2025'!F:F) -> Domestic | G5: 25781 | H5: 25781 | I5: 1950 | J5: 0 | K5: =_xlfn.XLOOKUP('August 2025'!B5,'August 2025'!B:B,'July 2025'!K:K) -> L-6
A6: 5 | B6: 6 | C6: Tehseenul Islam Siddque | D6: On record | E6: Merchandiser | F6: =_xlfn.XLOOKUP($B6,'August 2025'!B:B,'July 2025'!F:F) -> Admin | G6: 62500 | H6: 61492 | I6: 0 | J6: 0 | K6: =_xlfn.XLOOKUP('August 2025'!B6,'August 2025'!B:B,'July 2025'!K:K) -> L-5
A7: 6 | B7: 7 | C7: Rajendra Prasad Vijay | D7: On record | E7: Senior Accountant | F7: =_xlfn.XLOOKUP($B7,'August 2025'!B:B,'July 2025'!F:F) -> Admin | G7: 48000 | H7: 48000 | I7: 0 | J7: 0 | K7: =_xlfn.XLOOKUP('August 2025'!B7,'August 2025'!B:B,'July 2025'!K:K) -> L-5
A8: 7 | B8: 10002 | C8: Manish Kumar Bairwa | D8: Console | E8: Helper | F8: =_xlfn.XLOOKUP($B8,'August 2025'!B:B,'July 2025'!F:F) -> Domestic | G8: 15400 | H8: 13662 | I8: 0 | J8: 0 | K8: =_xlfn.XLOOKUP('August 2025'!B8,'August 2025'!B:B,'July 2025'!K:K) -> L-10
A9: 8 | B9: 10004 | C9: Ramswaroop | D9: Console | E9: Final Checker | F9: =_xlfn.XLOOKUP($B9,'August 2025'!B:B,'July 2025'!F:F) -> Manufacturing | G9: 17000 | H9: 16177 | I9: 0 | J9: 0 | K9: =_xlfn.XLOOKUP('August 2025'!B9,'August 2025'!B:B,'July 2025'!K:K) -> L-9
A10: 9 | B10: 122 | C10: Chhaju Lal Saini | D10: On record | E10: Computer Operator | F10: =_xlfn.XLOOKUP($B10,'August 2025'!B:B,'July 2025'!F:F) -> Domestic | G10: 17500 | H10: 15807 | I10: 1233 | J10: 514 | K10: =_xlfn.XLOOKUP('August 2025'!B10,'August 2025'!B:B,'July 2025'!K:K) -> L-7
A11: 10 | B11: 9 | C11: Ravi Panchal | D11: On record | E11: SKU checker | F11: =_xlfn.XLOOKUP($B11,'August 2025'!B:B,'July 2025'!F:F) -> Domestic | G11: 16300 | H11: 15512 | I11: 1210 | J11: 505 | K11: =_xlfn.XLOOKUP('August 2025'!B11,'August 2025'!B:B,'July 2025'!K:K) -> L-9
A12: 11 | B12: 123 | C12: Mahendra Gurjer | D12: On record | E12: Cutting Master | F12: =_xlfn.XLOOKUP($B12,'August 2025'!B:B,'July 2025'!F:F) -> Manufacturing | G12: 16000 | H12: 15742 | I12: 1228 | J12: 512 | K12: L-7
A13: 12 | B13: 124 | C13: Jitendra Sharma | D13: On record | E13: Executive | F13: =_xlfn.XLOOKUP($B13,'August 2025'!B:B,'July 2025'!F:F) -> Manufacturing | G13: 15000 | H13: 14516 | I13: 1132 | J13: 472 | K13: =_xlfn.XLOOKUP('August 2025'!B13,'August 2025'!B:B,'July 2025'!K:K) -> L-7
A14: 13 | B14: 11 | C14: Rupesh Kumar Jha | D14: On record | E14: Accountant | F14: =_xlfn.XLOOKUP($B14,'August 2025'!B:B,'July 2025'!F:F) -> Admin | G14: 28000 | H14: 28000 | I14: 1950 | J14: 0 | K14: =_xlfn.XLOOKUP('August 2025'!B14,'August 2025'!B:B,'July 2025'!K:K) -> L-6
A15: 14 | B15: 10008 | C15: Santara | D15: Console | E15: SWEEPER | F15: =_xlfn.XLOOKUP($B15,'August 2025'!B:B,'July 2025'!F:F) -> Office Support | G15: 11000 | H15: 11000 | I15: 0 | J15: 0 | K15: =_xlfn.XLOOKUP('August 2025'!B15,'August 2025'!B:B,'July 2025'!K:K) -> L-10
A16: 15 | B16: 10068 | C16: Sheru Kumar | D16: Console | E16: Helper | F16: Domestic | G16: 13500 | H16: 11323 | I16: 0 | J16: 0 | K16: =_xlfn.XLOOKUP('August 2025'!B16,'August 2025'!B:B,'July 2025'!K:K) -> L-10
A17: 16 | B17: 13 | C17: Lokesh Sharma | D17: On record | E17: Executive | F17: =_xlfn.XLOOKUP($B17,'August 2025'!B:B,'July 2025'!F:F) -> Domestic | G17: 16000 | H17: 14710 | I17: 1147 | J17: 479 | K17: =_xlfn.XLOOKUP('August 2025'!B17,'August 2025'!B:B,'July 2025'!K:K) -> L-7
A18: 17 | B18: 14 | C18: Rajesh Sharma | D18: On record | E18: Office Boy | F18: =_xlfn.XLOOKUP($B18,'August 2025'!B:B,'July 2025'!F:F) -> Office Support | G18: 15400 | H18: 15400 | I18: 1201 | J18: 501 | K18: =_xlfn.XLOOKUP('August 2025'!B18,'August 2025'!B:B,'July 2025'!K:K) -> L-10
A19: 18 | B19: 15 | C19: Yashodatt Sharma | D19: On record | E19: Fabric Checker | F19: =_xlfn.XLOOKUP($B19,'August 2025'!B:B,'July 2025'!F:F) -> Manufacturing | G19: 20000 | H19: 17097 | I19: 1334 | J19: 556 | K19: =_xlfn.XLOOKUP('August 2025'!B19,'August 2025'!B:B,'July 2025'!K:K) -> L-9
A20: 19 | B20: 16 | C20: Omprakash Yogi | D20: On record | E20: Checker | F20: =_xlfn.XLOOKUP($B20,'August 2025'!B:B,'July 2025'!F:F) -> Domestic | G20: 15000 | H20: 14274 | I20: 1299 | J20: 464 | K20: L-8
A21: 20 | B21: 17 | C21: Naveen Bhaskar | D21: On record | E21: Final Checker | F21: =_xlfn.XLOOKUP($B21,'August 2025'!B:B,'July 2025'!F:F) -> Manufacturing | G21: 17500 | H21: 17500 | I21: 1365 | J21: 569 | K21: =_xlfn.XLOOKUP('August 2025'!B21,'August 2025'!B:B,'July 2025'!K:K) -> L-9
A22: 21 | B22: 20 | C22: Naresh Kumar Bairwa | D22: On record | E22: Checker | F22: =_xlfn.XLOOKUP($B22,'August 2025'!B:B,'July 2025'!F:F) -> Manufacturing | G22: 14500 | H22: 14033 | I22: 1277 | J22: 457 | K22: =_xlfn.XLOOKUP('August 2025'!B22,'August 2025'!B:B,'July 2025'!K:K) -> L-9
A23: 22 | B23: 21 | C23: Sonu Bairwa | D23: On record | E23: Supervisior | F23: =_xlfn.XLOOKUP($B23,'August 2025'!B:B,'July 2025'!F:F) -> Manufacturing | G23: 22000 | H23: 19871 | I23: 1550 | J23: 0 | K23: =_xlfn.XLOOKUP('August 2025'!B23,'August 2025'!B:B,'July 2025'!K:K) -> L-8
A24: 23 | B24: 141 | C24: Jitendra Bairwa | D24: On record | E24: Executive | F24: =_xlfn.XLOOKUP($B24,'August 2025'!B:B,'July 2025'!F:F) -> Domestic | G24: 13500 | H24: 12629 | I24: 985 | J24: 411 | K24: =_xlfn.XLOOKUP('August 2025'!B24,'August 2025'!B:B,'July 2025'!K:K) -> L-8
A25: 24 | B25: 10014 | C25: Vikash Bairwa | D25: Console | E25: Helper | F25: =_xlfn.XLOOKUP($B25,'August 2025'!B:B,'July 2025'!F:F) -> Manufacturing | G25: 12000 | H25: 7742 | I25: 0 | J25: 0 | K25: =_xlfn.XLOOKUP('August 2025'!B25,'August 2025'!B:B,'July 2025'!K:K) -> L-10
A26: 25 | B26: 10015 | C26: Asharam Bairwa | D26: Console | E26: Checker | F26: =_xlfn.XLOOKUP($B26,'August 2025'!B:B,'July 2025'!F:F) -> Manufacturing | G26: 14000 | H26: 13548 | I26: 0 | J26: 0 | K26: =_xlfn.XLOOKUP('August 2025'!B26,'August 2025'!B:B,'July 2025'!K:K) -> L-9
A27: 26 | B27: 22 | C27: Faizal Rangrej | D27: On record | E27: Manager | F27: =_xlfn.XLOOKUP($B27,'August 2025'!B:B,'July 2025'!F:F) -> Domestic | G27: 68200 | H27: 68200 | I27: 1950 | J27: 0 | K27: =_xlfn.XLOOKUP('August 2025'!B27,'August 2025'!B:B,'July 2025'!K:K) -> L-5
A28: 27 | B28: 10067 | C28: Sonu Bairwa | D28: Console | E28: Press man | F28: =_xlfn.XLOOKUP($B28,'August 2025'!B:B,'July 2025'!F:F) -> Manufacturing | G28: 11500 | H28: 7419 | I28: 0 | J28: 0 | K28: =_xlfn.XLOOKUP('August 2025'!B28,'August 2025'!B:B,'July 2025'!K:K) -> L-10
A29: 28 | B29: 10017 | C29: Mohan lal Bairwa | D29: Console | E29: Helper | F29: =_xlfn.XLOOKUP($B29,'August 2025'!B:B,'July 2025'!F:F) -> Domestic | G29: 13000 | H29: 11742 | I29: 0 | J29: 0 | K29: L-10
A30: 29 | B30: 10018 | C30: Rahul Bairwa | D30: Console | E30: Checker | F30: =_xlfn.XLOOKUP($B30,'August 2025'!B:B,'July 2025'!F:F) -> Manufacturing | G30: 15700 | H30: 15193 | I30: 0 | J30: 0 | K30: =_xlfn.XLOOKUP('August 2025'!B30,'August 2025'!B:B,'July 2025'!K:K) -> L-9
A31: 30 | B31: 27 | C31: Asim Shoyab Khan | D31: On record | E31: Executive | F31: =_xlfn.XLOOKUP($B31,'August 2025'!B:B,'July 2025'!F:F) -> Domestic | G31: 25988 | H31: 25988 | I31: 1950 | J31: 0 | K31: =_xlfn.XLOOKUP('August 2025'!B31,'August 2025'!B:B,'July 2025'!K:K) -> L-6
A32: 31 | B32: 29 | C32: Peeyush Pareek | D32: On record | E32: Manager | F32: =_xlfn.XLOOKUP($B32,'August 2025'!B:B,'July 2025'!F:F) -> D2C | G32: 79450 | H32: 79450 | I32: 1950 | J32: 0 | K32: =_xlfn.XLOOKUP('August 2025'!B32,'August 2025'!B:B,'July 2025'!K:K) -> L-5
A33: 32 | B33: 10020 | C33: Raju Lal Bairwa | D33: Console | E33: Checker | F33: =_xlfn.XLOOKUP($B33,'August 2025'!B:B,'July 2025'!F:F) -> Manufacturing | G33: 14500 | H33: 10758 | I33: 0 | J33: 0 | K33: =_xlfn.XLOOKUP('August 2025'!B33,'August 2025'!B:B,'July 2025'!K:K) -> L-9
A34: 33 | B34: 32 | C34: Shaitan Singh | D34: On record | E34: Supervisior | F34: =_xlfn.XLOOKUP($B34,'August 2025'!B:B,'July 2025'!F:F) -> Manufacturing | G34: 25000 | H34: 10080 | I34: 0 | J34: 0 | K34: =_xlfn.XLOOKUP('August 2025'!B34,'August 2025'!B:B,'July 2025'!K:K) -> L-8
A35: 34 | B35: 10021 | C35: Kaptaan Singh | D35: Console | E35: Checker | F35: =_xlfn.XLOOKUP($B35,'August 2025'!B:B,'July 2025'!F:F) -> Manufacturing | G35: 14200 | H35: 5497 | I35: 0 | J35: 0 | K35: =_xlfn.XLOOKUP('August 2025'!B35,'August 2025'!B:B,'July 2025'!K:K) -> L-9
A36: 35 | B36: 33 | C36: Chakshita Maheshwari | D36: On record | E36: Graphic Designer | F36: =_xlfn.XLOOKUP($B36,'August 2025'!B:B,'July 2025'!F:F) -> D2C | G36: 37000 | H36: 37000 | I36: 0 | J36: 0 | K36: =_xlfn.XLOOKUP('August 2025'!B36,'August 2025'!B:B,'July 2025'!K:K) -> L-6
A37: 36 | B37: 192 | C37: Deshraj Meena | D37: On record | E37: Helper | F37: =_xlfn.XLOOKUP($B37,'August 2025'!B:B,'July 2025'!F:F) -> Overseas | G37: 11000 | H37: 4613 | I37: 360 | J37: 150 | K37: =_xlfn.XLOOKUP('August 2025'!B37,'August 2025'!B:B,'July 2025'!K:K) -> L-10
A38: 37 | B38: 10027 | C38: Mahendra Sharma | D38: Console | E38: Senior Executive | F38: =_xlfn.XLOOKUP($B38,'August 2025'!B:B,'July 2025'!F:F) -> Domestic | G38: 6500 | H38: 5452 | I38: 0 | J38: 0 | K38: =_xlfn.XLOOKUP('August 2025'!B38,'August 2025'!B:B,'July 2025'!K:K) -> L-7
A39: 38 | B39: 10032 | C39: Ganesh Meena | D39: Console | E39: Helper | F39: =_xlfn.XLOOKUP($B39,'August 2025'!B:B,'July 2025'!F:F) -> Manufacturing | G39: 14500 | H39: 14032 | I39: 0 | J39: 0 | K39: =_xlfn.XLOOKUP('August 2025'!B39,'August 2025'!B:B,'July 2025'!K:K) -> L-10
A40: 39 | B40: 155 | C40: Surendra Tailor | D40: On record | E40: Checker | F40: =_xlfn.XLOOKUP($B40,'August 2025'!B:B,'July 2025'!F:F) -> Manufacturing | G40: 14500 | H40: 10992 | I40: 857 | J40: 358 | K40: =_xlfn.XLOOKUP('August 2025'!B40,'August 2025'!B:B,'July 2025'!K:K) -> L-9
A41: 40 | B41: 152 | C41: Feliram Bairwa | D41: on record | E41: Checker | F41: =_xlfn.XLOOKUP($B41,'August 2025'!B:B,'July 2025'!F:F) -> Manufacturing | G41: 15000 | H41: 12580 | I41: 981 | J41: 409 | K41: =_xlfn.XLOOKUP('August 2025'!B41,'August 2025'!B:B,'July 2025'!K:K) -> L-9
A42: 41 | B42: 10041 | C42: Vikash Kumar | D42: Console | E42: Checker | F42: =_xlfn.XLOOKUP($B42,'August 2025'!B:B,'July 2025'!F:F) -> Manufacturing | G42: 14000 | H42: 11290 | I42: 0 | J42: 0 | K42: =_xlfn.XLOOKUP('August 2025'!B42,'August 2025'!B:B,'July 2025'!K:K) -> L-9
A43: 42 | B43: 10043 | C43: Ehsaan Khan | D43: Console | E43: Checker | F43: =_xlfn.XLOOKUP($B43,'August 2025'!B:B,'July 2025'!F:F) -> Domestic | G43: 13500 | H43: 13500 | I43: 0 | J43: 0 | K43: L-8
A44: 43 | B44: 125 | C44: Suresh Sharma | D44: On record | E44: Executive | F44: =_xlfn.XLOOKUP($B44,'August 2025'!B:B,'July 2025'!F:F) -> Domestic | G44: 18000 | H44: 18000 | I44: 1404 | J44: 585 | K44: =_xlfn.XLOOKUP('August 2025'!B44,'August 2025'!B:B,'July 2025'!K:K) -> L-7
A45: 44 | B45: 167 | C45: Sakuntala Bairwa | D45: On record | E45: Marking | F45: =_xlfn.XLOOKUP($B45,'August 2025'!B:B,'July 2025'!F:F) -> Manufacturing | G45: 11000 | H45: 10645 | I45: 830 | J45: 346 | K45: =_xlfn.XLOOKUP('August 2025'!B45,'August 2025'!B:B,'July 2025'!K:K) -> L-9
A46: 45 | B46: 10049 | C46: Mithta Lal Bairwa | D46: Console | E46: Helper | F46: =_xlfn.XLOOKUP($B46,'August 2025'!B:B,'July 2025'!F:F) -> Domestic | G46: 13000 | H46: 5871 | I46: 0 | J46: 0 | K46: =_xlfn.XLOOKUP('August 2025'!B46,'August 2025'!B:B,'July 2025'!K:K) -> L-10
A47: 46 | B47: 37 | C47: Karishma Katiyar | D47: On record | E47: Senior Executive | F47: =_xlfn.XLOOKUP($B47,'August 2025'!B:B,'July 2025'!F:F) -> Overseas | G47: 44000 | H47: 41871 | I47: 0 | J47: 0 | K47: =_xlfn.XLOOKUP('August 2025'!B47,'August 2025'!B:B,'July 2025'!K:K) -> L-6
A48: 47 | B48: 38 | C48: Surajmal Prajapati | D48: On record | E48: Senior Executive | F48: =_xlfn.XLOOKUP($B48,'August 2025'!B:B,'July 2025'!F:F) -> Admin | G48: 50000 | H48: 50000 | I48: 0 | J48: 0 | K48: =_xlfn.XLOOKUP('August 2025'!B48,'August 2025'!B:B,'July 2025'!K:K) -> L-5
A49: 48 | B49: 39 | C49: Padmawati | D49: On record | E49: Tailor | F49: =_xlfn.XLOOKUP($B49,'August 2025'!B:B,'July 2025'!F:F) -> Manufacturing | G49: 30000 | H49: 0 | I49: 0 | J49: 0 | K49: L-8
A50: 49 | B50: 40 | C50: Foranti | D50: On record | E50: Tailor | F50: =_xlfn.XLOOKUP($B50,'August 2025'!B:B,'July 2025'!F:F) -> Manufacturing | G50: 30000 | H50: 26295 | I50: 0 | J50: 0 | K50: L-8
A51: 50 | B51: 42 | C51: Raji Devi | D51: On record | E51: Tailor | F51: =_xlfn.XLOOKUP($B51,'August 2025'!B:B,'July 2025'!F:F) -> Manufacturing | G51: 30000 | H51: 22210 | I51: 0 | J51: 0 | K51: L-8
A52: 51 | B52: 43 | C52: Laxman | D52: On record | E52: Tailor | F52: =_xlfn.XLOOKUP($B52,'August 2025'!B:B,'July 2025'!F:F) -> Manufacturing | G52: 30000 | H52: 25390 | I52: 0 | J52: 0 | K52: L-8
A53: 52 | B53: 44 | C53: Dilip | D53: On record | E53: Tailor | F53: =_xlfn.XLOOKUP($B53,'August 2025'!B:B,'July 2025'!F:F) -> Manufacturing | G53: 30000 | H53: 11862 | I53: 0 | J53: 0 | K53: L-8
A54: 53 | B54: 126 | C54: Hanuman Sahay Prajapat | D54: On record | E54: Computer Operator | F54: =_xlfn.XLOOKUP($B54,'August 2025'!B:B,'July 2025'!F:F) -> Domestic | G54: 15000 | H54: 14516 | I54: 1132 | J54: 472 | K54: =_xlfn.XLOOKUP('August 2025'!B54,'August 2025'!B:B,'July 2025'!K:K) -> L-7
A55: 54 | B55: 127 | C55: Pawan Prajapat | D55: On record | E55: Executive | F55: =_xlfn.XLOOKUP($B55,'August 2025'!B:B,'July 2025'!F:F) -> Domestic | G55: 16500 | H55: 16500 | I55: 1287 | J55: 537 | K55: =_xlfn.XLOOKUP('August 2025'!B55,'August 2025'!B:B,'July 2025'!K:K) -> L-7
A56: 55 | B56: 10055 | C56: Jabid Husen | D56: Console | E56: Helper | F56: =_xlfn.XLOOKUP($B56,'August 2025'!B:B,'July 2025'!F:F) -> Domestic | G56: 13500 | H56: 12629 | I56: 0 | J56: 0 | K56: =_xlfn.XLOOKUP('August 2025'!B56,'August 2025'!B:B,'July 2025'!K:K) -> L-10
A57: 56 | B57: 137 | C57: Saddam Hussain | D57: On record | E57: Cutting Master | F57: =_xlfn.XLOOKUP($B57,'August 2025'!B:B,'July 2025'!F:F) -> Manufacturing | G57: 22000 | H57: 22000 | I57: 1716 | J57: 0 | K57: L-7
A58: 57 | B58: 10061 | C58: Ritu Devi | D58: Console | E58: Eyelet Marker | F58: =_xlfn.XLOOKUP($B58,'August 2025'!B:B,'July 2025'!F:F) -> Manufacturing | G58: 8800 | H58: 2555 | I58: 0 | J58: 0 | K58: =_xlfn.XLOOKUP('August 2025'!B58,'August 2025'!B:B,'July 2025'!K:K) -> L-9
A59: 58 | B59: 10062 | C59: Vinod Kumar Bairwa | D59: Console | E59: Helper | F59: =_xlfn.XLOOKUP($B59,'August 2025'!B:B,'July 2025'!F:F) -> Manufacturing | G59: 11000 | H59: 11000 | I59: 0 | J59: 0 | K59: =_xlfn.XLOOKUP('August 2025'!B59,'August 2025'!B:B,'July 2025'!K:K) -> L-10
A60: 59 | B60: 10063 | C60: Ashutosh Bairwa | D60: Console | E60: Helper | F60: =_xlfn.XLOOKUP($B60,'August 2025'!B:B,'July 2025'!F:F) -> Manufacturing | G60: 11000 | H60: 9225 | I60: 0 | J60: 0 | K60: =_xlfn.XLOOKUP('August 2025'!B60,'August 2025'!B:B,'July 2025'!K:K) -> L-10
A61: 60 | B61: 10064 | C61: Rajkumari Tailor | D61: Console | E61: Checker | F61: =_xlfn.XLOOKUP($B61,'August 2025'!B:B,'July 2025'!F:F) -> Manufacturing | G61: 14300 | H61: 13838 | I61: 0 | J61: 0 | K61: =_xlfn.XLOOKUP('August 2025'!B61,'August 2025'!B:B,'July 2025'!K:K) -> L-9
A62: 61 | B62: 156 | C62: Vishnu Kumar Yogi | D62: On record | E62: Checker | F62: =_xlfn.XLOOKUP($B62,'August 2025'!B:B,'July 2025'!F:F) -> Manufacturing | G62: 12500 | H62: 8670 | I62: 676 | J62: 282 | K62: =_xlfn.XLOOKUP('August 2025'!B62,'August 2025'!B:B,'July 2025'!K:K) -> L-9
A63: 62 | B63: 10069 | C63: Kamlesh Meena | D63: Console | E63: Checker | F63: =_xlfn.XLOOKUP($B63,'August 2025'!B:B,'July 2025'!F:F) -> Manufacturing | G63: 14500 | H63: 14500 | I63: 0 | J63: 0 | K63: =_xlfn.XLOOKUP('August 2025'!B63,'August 2025'!B:B,'July 2025'!K:K) -> L-9
A64: 63 | B64: 48 | C64: Safina Khan | D64: On record | E64: Tailor | F64: =_xlfn.XLOOKUP($B64,'August 2025'!B:B,'July 2025'!F:F) -> Manufacturing | G64: 30000 | H64: 28695 | I64: 0 | J64: 0 | K64: L-8
A65: 64 | B65: 10070 | C65: Santosh Devi | D65: Console | E65: Checker | F65: =_xlfn.XLOOKUP($B65,'August 2025'!B:B,'July 2025'!F:F) -> Manufacturing | G65: 14500 | H65: 14032 | I65: 0 | J65: 0 | K65: =_xlfn.XLOOKUP('August 2025'!B65,'August 2025'!B:B,'July 2025'!K:K) -> L-9
A66: 65 | B66: 46 | C66: Furqan Hameed | D66: On record | E66: Manager | F66: =_xlfn.XLOOKUP($B66,'August 2025'!B:B,'July 2025'!F:F) -> Overseas | G66: 80000 | H66: 80000 | I66: 0 | J66: 0 | K66: L-5
A67: 66 | B67: 10076 | C67: Buddhi Prakash | D67: Console | E67: Press man | F67: =_xlfn.XLOOKUP($B67,'August 2025'!B:B,'July 2025'!F:F) -> Manufacturing | G67: 12500 | H67: 9476 | I67: 0 | J67: 0 | K67: =_xlfn.XLOOKUP('August 2025'!B67,'August 2025'!B:B,'July 2025'!K:K) -> L-9
A68: 67 | B68: 128 | C68: Tulsi Ram Meena | D68: On record | E68: Cutting Master | F68: =_xlfn.XLOOKUP($B68,'August 2025'!B:B,'July 2025'!F:F) -> Manufacturing | G68: 19000 | H68: 18387 | I68: 1912 | J68: 598 | K68: L-7
A69: 68 | B69: 10084 | C69: Krishna Rani | D69: Console | E69: Checker | F69: =_xlfn.XLOOKUP($B69,'August 2025'!B:B,'July 2025'!F:F) -> Manufacturing | G69: 12000 | H69: 5032 | I69: 0 | J69: 0 | K69: =_xlfn.XLOOKUP('August 2025'!B69,'August 2025'!B:B,'July 2025'!K:K) -> L-9
A70: 69 | B70: 49 | C70: Gulbatti Meena | D70: On record | E70: Tailor | F70: =_xlfn.XLOOKUP($B70,'August 2025'!B:B,'July 2025'!F:F) -> Domestic | G70: 30000 | H70: 33000 | I70: 0 | J70: 0 | K70: L-7
A71: 70 | B71: 50 | C71: Ajay Singh Tiwari | D71: On record | E71: Executive | F71: Domestic | G71: 30000 | H71: 28548 | I71: 0 | J71: 0 | K71: L-6
A72: 71 | B72: 129 | C72: Abhishek Choudhary | D72: On record | E72: Supervisior | F72: =_xlfn.XLOOKUP($B72,'August 2025'!B:B,'July 2025'!F:F) -> Manufacturing | G72: 17000 | H72: 17000 | I72: 1326 | J72: 553 | K72: =_xlfn.XLOOKUP('August 2025'!B72,'August 2025'!B:B,'July 2025'!K:K) -> L-9
A73: 72 | B73: 10096 | C73: Ramprasad Meena | D73: Console | E73: Press man | F73: =_xlfn.XLOOKUP($B73,'August 2025'!B:B,'July 2025'!F:F) -> Manufacturing | G73: 13000 | H73: 12580 | I73: 0 | J73: 0 | K73: =_xlfn.XLOOKUP('August 2025'!B73,'August 2025'!B:B,'July 2025'!K:K) -> L-9
A74: 73 | B74: 56 | C74: Shayari Saini | D74: On record | E74: Tailor | F74: =_xlfn.XLOOKUP($B74,'August 2025'!B:B,'July 2025'!F:F) -> Domestic | G74: 30000 | H74: 21297 | I74: 0 | J74: 0 | K74: L-7
A75: 74 | B75: 10099 | C75: Rati Ram Mali | D75: Console | E75: Helper | F75: =_xlfn.XLOOKUP($B75,'August 2025'!B:B,'July 2025'!F:F) -> Manufacturing | G75: 11000 | H75: 10645 | I75: 0 | J75: 0 | K75: =_xlfn.XLOOKUP('August 2025'!B75,'August 2025'!B:B,'July 2025'!K:K) -> L-9
A76: 75 | B76: 55 | C76: Mamta Sain | D76: On record | E76: Tailor | F76: =_xlfn.XLOOKUP($B76,'August 2025'!B:B,'July 2025'!F:F) -> Manufacturing | G76: 30000 | H76: 22002 | I76: 0 | J76: 0 | K76: L-8
A77: 76 | B77: 54 | C77: Mamta Saini | D77: On record | E77: Tailor | F77: =_xlfn.XLOOKUP($B77,'August 2025'!B:B,'July 2025'!F:F) -> Manufacturing | G77: 30000 | H77: 19950 | I77: 0 | J77: 0 | K77: L-8
A78: 77 | B78: 10101 | C78: Mamta Meena | D78: Console | E78: Checker | F78: =_xlfn.XLOOKUP($B78,'August 2025'!B:B,'July 2025'!F:F) -> Manufacturing | G78: 11500 | H78: 8162 | I78: 0 | J78: 0 | K78: =_xlfn.XLOOKUP('August 2025'!B78,'August 2025'!B:B,'July 2025'!K:K) -> L-9
A79: 78 | B79: 10103 | C79: Priyanka Meena | D79: Console | E79: Checker | F79: =_xlfn.XLOOKUP($B79,'August 2025'!B:B,'July 2025'!F:F) -> Manufacturing | G79: 12500 | H79: 5242 | I79: 0 | J79: 0 | K79: =_xlfn.XLOOKUP('August 2025'!B79,'August 2025'!B:B,'July 2025'!K:K) -> L-9
A80: 79 | B80: 10104 | C80: Rinku Kumar Meena | D80: Console | E80: Checker | F80: =_xlfn.XLOOKUP($B80,'August 2025'!B:B,'July 2025'!F:F) -> Manufacturing | G80: 13500 | H80: 12629 | I80: 0 | J80: 0 | K80: =_xlfn.XLOOKUP('August 2025'!B80,'August 2025'!B:B,'July 2025'!K:K) -> L-9
A81: 80 | B81: 10115 | C81: Sita Meena | D81: Console | E81: Checker | F81: =_xlfn.XLOOKUP($B81,'August 2025'!B:B,'July 2025'!F:F) -> Overseas | G81: 12500 | H81: 12097 | I81: 0 | J81: 0 | K81: L-8
A82: 81 | B82: 57 | C82: Jatin Arora | D82: On record | E82: Manager | F82: =_xlfn.XLOOKUP($B82,'August 2025'!B:B,'July 2025'!F:F) -> Manufacturing | G82: 48600 | H82: 45465 | I82: 1950 | J82: 0 | K82: =_xlfn.XLOOKUP('August 2025'!B82,'August 2025'!B:B,'July 2025'!K:K) -> L-9
A83: 82 | B83: 131 | C83: Hari Charan Meena | D83: On record | E83: Cutting Master | F83: =_xlfn.XLOOKUP($B83,'August 2025'!B:B,'July 2025'!F:F) -> Domestic | G83: 13000 | H83: 12580 | I83: 981 | J83: 409 | K83: L-7
A84: 83 | B84: 132 | C84: Siyaram Gocher | D84: On record | E84: Executive | F84: =_xlfn.XLOOKUP($B84,'August 2025'!B:B,'July 2025'!F:F) -> Manufacturing | G84: 14800 | H84: 10980 | I84: 0 | J84: 357 | K84: =_xlfn.XLOOKUP('August 2025'!B84,'August 2025'!B:B,'July 2025'!K:K) -> L-9
A85: 84 | B85: 10109 | C85: Babali | D85: Console | E85: Checker | F85: =_xlfn.XLOOKUP($B85,'August 2025'!B:B,'July 2025'!F:F) -> Manufacturing | G85: 11500 | H85: 11129 | I85: 0 | J85: 0 | K85: =_xlfn.XLOOKUP('August 2025'!B85,'August 2025'!B:B,'July 2025'!K:K) -> L-9
A86: 85 | B86: 10110 | C86: Raghunandan Meena | D86: Console | E86: Press man | F86: =_xlfn.XLOOKUP($B86,'August 2025'!B:B,'July 2025'!F:F) -> Manufacturing | G86: 11500 | H86: 11129 | I86: 0 | J86: 0 | K86: L-8
A87: 86 | B87: 59 | C87: Krishan Kumar Katoda | D87: On record | E87: Manager | F87: =_xlfn.XLOOKUP($B87,'August 2025'!B:B,'July 2025'!F:F) -> Manufacturing | G87: 50000 | H87: 24193 | I87: 0 | J87: 0 | K87: =_xlfn.XLOOKUP('August 2025'!B87,'August 2025'!B:B,'July 2025'!K:K) -> L-9
A88: 87 | B88: 10111 | C88: Hansraj Meena | D88: Console | E88: Press man | F88: =_xlfn.XLOOKUP($B88,'August 2025'!B:B,'July 2025'!F:F) -> Manufacturing | G88: 12500 | H88: 10887 | I88: 0 | J88: 0 | K88: =_xlfn.XLOOKUP('August 2025'!B88,'August 2025'!B:B,'July 2025'!K:K) -> L-9
A89: 88 | B89: 10112 | C89: Rosanti Bai Meena | D89: Console | E89: Checker | F89: =_xlfn.XLOOKUP($B89,'August 2025'!B:B,'July 2025'!F:F) -> Manufacturing | G89: 11000 | H89: 10645 | I89: 0 | J89: 0 | K89: =_xlfn.XLOOKUP('August 2025'!B89,'August 2025'!B:B,'July 2025'!K:K) -> L-9
A90: 89 | B90: 10117 | C90: Manju Meena | D90: Console | E90: Checker | F90: =_xlfn.XLOOKUP($B90,'August 2025'!B:B,'July 2025'!F:F) -> Domestic | G90: 11500 | H90: 11500 | I90: 0 | J90: 0 | K90: L-8
A91: 90 | B91: 10121 | C91: Vishal | D91: Console | E91: Helper | F91: =_xlfn.XLOOKUP($B91,'August 2025'!B:B,'July 2025'!F:F) -> Manufacturing | G91: 11500 | H91: 8162 | I91: 0 | J91: 0 | K91: =_xlfn.XLOOKUP('August 2025'!B91,'August 2025'!B:B,'July 2025'!K:K) -> L-9
A92: 91 | B92: 10124 | C92: Daya Ram | D92: Console | E92: Checker | F92: =_xlfn.XLOOKUP($B92,'August 2025'!B:B,'July 2025'!F:F) -> Overseas | G92: 14000 | H92: 1355 | I92: 0 | J92: 0 | K92: =_xlfn.XLOOKUP('August 2025'!B92,'August 2025'!B:B,'July 2025'!K:K) -> L-10
A93: 92 | B93: 10125 | C93: Harkesh | D93: Console | E93: Helper | F93: =_xlfn.XLOOKUP($B93,'August 2025'!B:B,'July 2025'!F:F) -> Manufacturing | G93: 14500 | H93: 14032 | I93: 0 | J93: 0 | K93: =_xlfn.XLOOKUP('August 2025'!B93,'August 2025'!B:B,'July 2025'!K:K) -> L-9
A94: 93 | B94: 10127 | C94: Narottam Sharma | D94: Console | E94: Checker | F94: =_xlfn.XLOOKUP($B94,'August 2025'!B:B,'July 2025'!F:F) -> Manufacturing | G94: 14000 | H94: 12645 | I94: 0 | J94: 0 | K94: =_xlfn.XLOOKUP('August 2025'!B94,'August 2025'!B:B,'July 2025'!K:K) -> L-9
A95: 94 | B95: 10128 | C95: Nand Kishor | D95: Console | E95: Checker | F95: =_xlfn.XLOOKUP($B95,'August 2025'!B:B,'July 2025'!F:F) -> Domestic | G95: 14000 | H95: 12645 | I95: 0 | J95: 0 | K95: L-8
A96: 95 | B96: 10131 | C96: Daya Shankar Bairwa | D96: Console | E96: Helper | F96: =_xlfn.XLOOKUP($B96,'August 2025'!B:B,'July 2025'!F:F) -> Manufacturing | G96: 11000 | H96: 0 | I96: 0 | J96: 0 | K96: =_xlfn.XLOOKUP('August 2025'!B96,'August 2025'!B:B,'July 2025'!K:K) -> L-9
A97: 96 | B97: 170 | C97: Priyanka Sain | D97: On record | E97: Checker | F97: =_xlfn.XLOOKUP($B97,'August 2025'!B:B,'July 2025'!F:F) -> Manufacturing | G97: 13000 | H97: 10903 | I97: 850 | J97: 355 | K97: =_xlfn.XLOOKUP('August 2025'!B97,'August 2025'!B:B,'July 2025'!K:K) -> L-9
A98: 97 | B98: 190 | C98: Bharat Shakya | D98: On record | E98: Checker | F98: =_xlfn.XLOOKUP($B98,'August 2025'!B:B,'July 2025'!F:F) -> Manufacturing | G98: 13000 | H98: 7758 | I98: 605 | J98: 253 | K98: =_xlfn.XLOOKUP('August 2025'!B98,'August 2025'!B:B,'July 2025'!K:K) -> L-10
A99: 98 | B99: 10135 | C99: Dil Khush Yogi | D99: Console | E99: Helper | F99: =_xlfn.XLOOKUP($B99,'August 2025'!B:B,'July 2025'!F:F) -> Manufacturing | G99: 15500 | H99: 15000 | I99: 0 | J99: 0 | K99: =_xlfn.XLOOKUP('August 2025'!B99,'August 2025'!B:B,'July 2025'!K:K) -> L-10
A100: 99 | B100: 154 | C100: Suraj Mal | D100: On record | E100: Helper | F100: =_xlfn.XLOOKUP($B100,'August 2025'!B:B,'July 2025'!F:F) -> Domestic | G100: 15000 | H100: 15000 | I100: 1170 | J100: 488 | K100: =_xlfn.XLOOKUP('August 2025'!B100,'August 2025'!B:B,'July 2025'!K:K) -> L-10
...

Sheet Contractor
B1: Contractor | C1: Month | D1: Work | E1: Total Manpower attendence during the month | F1: Labour Under Them | G1: Payment
A2: 1 | B2: Rajesh Bairwa (Stitching) | C2: January | D2: Stiching | F2: 31 | G2: 593133
B3: Rajesh Bairwa (Stitching) | C3: February | D3: Stiching | F3: 34 | G3: 505947
B4: Rajesh Bairwa (Stitching) | C4: March | D4: Stiching | F4: 37 | G4: 517648
A5: 2 | B5: Manraj(Eyeletting) | C5: January | D5: Eyelet | F5: 11 | G5: 360880
B6: Manraj(Eyeletting) | C6: February | D6: Eyelet | F6: 9 | G6: 229203
B7: Manraj(Eyeletting) | C7: March | D7: Eyelet | F7: 6 | G7: 193406
B8: Manraj(Eyeletting) | C8: April | D8: Eyelet | F8: 5 | G8: 225740
B9: Manraj(Eyeletting) | C9: May | D9: Eyelet | F9: 5 | G9: 204256
B10: Manraj(Eyeletting) | C10: June | D10: Eyelet | F10: 6 | G10: 177949
B11: Manraj(Eyeletting) | C11: July | D11: Eyelet | F11: 10 | G11: 269680
B12: Manraj(Eyeletting) | C12: August | D12: Eyelet | F12: 11 | G12: 250054
A13: 3 | B13: Sanjay (Packing) | C13: January | D13: Packing | F13: 10 | G13: 222702
B14: Sanjay (Packing) | C14: February | D14: Packing | F14: 10 | G14: 175807
B15: Sanjay (Packing) | C15: March | D15: Packing | F15: 10 | G15: 138148
B16: Sanjay (Packing) | C16: April | D16: Packing | F16: 5 | G16: 193944
B17: Sanjay (Packing) | C17: May | D17: Packing | F17: 7 | G17: 164357
B18: Sanjay (Packing) | C18: June | D18: Packing | F18: 6 | G18: 176365
B19: Sanjay (Packing) | C19: July | D19: Packing | F19: 9 | G19: 225552
B20: Sanjay (Packing) | C20: August | D20: Packing | F20: 10 | G20: 207011
A21: 4 | B21: Sanjeev (Thread Cutting) | C21: January | D21: Thread Cutting | F21: 0 | G21: 0
B22: Sanjeev (Thread Cutting) | C22: February | D22: Thread Cutting | F22: 6 | G22: 33769
B23: Sanjeev (Thread Cutting) | C23: March | D23: Thread Cutting | F23: 7 | G23: 58667
B24: Sanjeev (Thread Cutting) | C24: April | D24: Thread Cutting | F24: 5 | G24: 101889
B25: Sanjeev (Thread Cutting) | C25: May | D25: Thread Cutting | F25: 5 | G25: 109448
B26: Sanjeev (Thread Cutting) | C26: June | D26: Thread Cutting | F26: 9 | G26: 133467
B27: Sanjeev (Thread Cutting) | C27: July | D27: Thread Cutting | F27: 11 | G27: 149071
B28: Sanjeev (Thread Cutting) | C28: August | D28: Thread Cutting | F28: 11 | G28: 180181

Sheet Data Validation
A1: Department | D1: Division | G1: Sub Division | K1: Level Wise
A2: Admin | D2: E-Commerce | G2: Management | K2: L-1
A3: Manufacturing | D3: Inventory Team | G3: Operations & Listings | K3: L-2
A4: Domestic | D4: Manufacturing | G4: Management, Listings & Opretions | K4: L-3
A5: Overseas | D5: Order Dispatch Team | G5: PPC Management | K5: L-4
A6: D2C | D6: Return Team | G6: Inventory Audit & Placement Head | K6: L-5
A7: Office Support | D7: Shipment Team | G7: Return Checking | K7: L-6
D8: Cutting | G8: Order Pickup & Management | K8: L-7
D9: Final Checking | G9: Order Dispatch | K9: L-8
D10: Eyeletting | G10: Helper | K10: L-9
D11: Pressing | G11: Order Pickup | K11: L-10
D12: Stitching | G12: Placement
D13: Supervisor | G13: Order Pickup & Placement
D14: Quality Checking | G14: Order Label & Invoice Proccessing
D15: Packing | G15: Cutting helper
D16: Fabric Store Keeper | G16: Packing List Creations & Shipping Label
D17: Fabric Checker | G17: Return Entry & Safe-T Claim
D18: Marking | G18: Label Advisor
D19: Computer Operator | G19: Floor Incharge
D20: Manager | G20: Barcode Labeling
D21: Helper | G21: Packed Order handling
D22: Executive | G22: Listings
D23: Sweeper | G23: Order Final Packing
... D25: Accounts | G25: Packing List Order Handling
D26: Graphic Designer
D27: Human Resources
D28: Digital Marketting
D29: Customer Relation
D30: Data Analyst
D31: Designer
